-0.794358,0.6074499,-0.75740975,0.65293986,-0.6332375,0.77395755,-0.58817184,0.80873597,-0.24253562,0.9701425,-0.6941354,0.71984446,-0.8944269,-0.44721422,-0.49613914,-0.86824304,0,1,-0.03918541,0.99923193,-0.48564297,0.87415725,-0.5547002,0.8320503,0.22404142,0.97457963,0.09709994,0.99527466,-0.110431656,0.9938837,-0.20260589,0.9792604,0.3969112,0.917857,0.57346237,0.8192319,0.049937382,0.99875236,-0.047564972,0.99886817
-0.79178226,0.6108034,-0.73105526,0.6823183,-0.62469566,0.7808683,-0.5881714,0.80873626,-0.22848555,0.9735473,-0.6950221,0.71898836,-0.91192174,-0.41036412,-0.49026123,-0.87157553,0.0104161,0.99994576,-0.018178813,0.9998348,-0.5240972,0.85165846,-0.5547002,0.8320503,0.21693046,0.97618705,0.119145185,0.9928768,-0.25096202,0.96799695,-0.15205719,0.9883717,0.41467077,0.90997154,0.5299987,0.84799844,0.041630544,0.99913305,-0.11043153,0.9938837
-0.8213698,0.570396,-0.85985506,0.5105383,-0.60508305,0.79616237,-0.50872934,0.8609265,-0.33696422,0.9415175,-0.6941355,0.7198444,-0.7761138,-0.6305929,-0.5038715,-0.86377865,-0.08054551,0.99675095,-0.10578621,0.9943889,-0.4472136,0.8944272,-0.48307723,0.87557775,0.13419177,0.99095535,0.079745196,0.99681526,-0.1888471,0.9820065,-0.20952897,0.97780246,0.3885533,0.92142624,0.4280862,0.9037379,0.12933879,0.99160045,0.10468474,0.99450547
-0.8221923,0.5692098,-0.8507981,0.5254927,-0.6097109,0.79262394,-0.5547002,0.8320503,-0.36021665,0.93286866,-0.71860206,0.6954215,-0.7719305,-0.6357069,-0.42288604,-0.9061829,-0.1135467,0.99353266,-0.10151343,0.9948342,-0.4472138,0.89442706,-0.48307732,0.8755777,0.08875719,0.9960533,0.11684117,0.9931506,-0.2346403,0.97208226,-0.19611657,0.98058057,0.34174296,0.93979347,0.45631692,0.88981736,0.15205693,0.98837173,0,1
-0.80000025,0.59999967,-0.8155071,0.5787471,-0.62469476,0.78086907,-0.49613908,0.86824304,-0.2761799,0.96110594,-0.73376054,0.67940813,-0.88378775,-0.4678881,-0.58123827,-0.8137334,-0.034071226,0.9994194,-0.10578604,0.99438894,-0.4886033,0.8725061,-0.41665486,0.90906477,0.17579067,0.9844276,0.090535685,0.99589324,-0.1643989,0.9863939,-0.2248596,0.97439116,0.40613848,0.91381156,0.49026105,0.87157565,0.08662984,0.99624056,0.06237852,0.99805254
-0.7719302,0.63570726,-0.79360604,0.608432,-0.6163089,0.7875045,-0.6246952,0.7808687,-0.24007891,0.9707534,-0.64487076,0.76429164,-0.86824304,-0.49613908,-0.5913639,-0.8064048,0.042970963,0.9990763,-0.12154119,0.9925864,-0.4228856,0.90618306,-0.4190581,0.9079594,0.2398472,0.97081065,0.10360603,0.9946184,-0.13216354,0.9912279,-0.25997353,0.96561575,0.4673072,0.884095,0.503871,0.8637789,0.19611582,0.98058075,-0.04162998,0.9991331
-0.8120154,0.583636,-0.72083294,0.69310886,-0.61144775,0.7912848,-0.6441353,0.7649116,-0.19392188,0.981017,-0.6156442,0.78802425,-0.8858316,-0.46400684,-0.5812372,-0.8137342,0.06959838,0.9975751,-0.041630533,0.99913305,-0.47409979,0.8804711,-0.37139058,0.92847675,0.2714602,0.96244967,0.18711226,0.98233855,-0.16990703,0.9854601,-0.11914548,0.9928768,0.50642204,0.8622858,0.5421269,0.8402966,0.21693029,0.9761871,0,1
-0.7854916,0.6188723,-0.7348035,0.67828006,-0.67267275,0.7399401,-0.6866235,0.7270132,-0.18761912,0.98224187,-0.66754496,0.7445695,-0.90213424,-0.43145546,-0.54075867,-0.84117776,0.08020069,0.9967787,-0.10151378,0.9948341,-0.41905814,0.9079594,-0.529999,0.84799826,0.29319006,0.95605415,0.12933902,0.99160045,-0.21693017,0.9761871,-0.11462425,0.9934089,0.4915944,0.8708243,0.54802626,0.8364611,0.23162068,0.97280616,-0.047565218,0.9988681
-0.79740644,0.6034426,-0.6936416,0.7203203,-0.6585045,0.7525768,-0.64764863,0.7619391,-0.25201142,0.96772426,-0.7198442,0.69413567,-0.9138117,-0.40613818,-0.66896445,-0.7432944,-0.06438226,0.9979253,-0.01886442,0.9998221,-0.51449585,0.85749286,-0.5144961,0.85749274,0.13216387,0.99122787,0.103605896,0.9946184,-0.28000027,0.9599999,-0.23337288,0.9723873,0.30908614,0.95103407,0.5547003,0.83205026,-0.043437544,0.99905616,-0.052558452,0.9986178
-0.8213699,0.57039595,-0.7445692,0.66754526,-0.5952279,0.8035569,-0.58817154,0.8087362,-0.2788102,0.9603462,-0.6804512,0.7327934,-0.93834317,-0.34570524,-0.6689653,-0.7432937,-0.04206798,0.99911475,-0.13864805,0.9903417,-0.38963977,0.92096734,-0.48564306,0.8741572,0.13216369,0.9912279,0.08136198,0.9966846,-0.3060093,0.9520285,-0.15799047,0.98744065,0.32314378,0.94634986,0.5299991,0.84799826,-0.08304581,0.99654573,-0.09053607,0.9958932
-0.7999998,0.6000003,-0.7612436,0.64846605,-0.6163078,0.7875053,-0.50872993,0.86092615,-0.30636334,0.95191467,-0.6925319,0.72138727,-0.9593656,-0.28216597,-0.6689649,-0.743294,-0.056091417,0.99842566,-0.16439894,0.9863939,-0.5299988,0.8479984,-0.41665462,0.9090649,0.12403472,0.99227786,0,1,-0.31622776,0.9486833,-0.30320352,0.9529258,0.29491466,0.9555236,0.4355608,0.9001593,-0.12933923,0.9916004,0,1
-0.8181919,0.5749453,-0.7907235,0.61217344,-0.58430463,0.8115344,-0.53905386,0.84227127,-0.2976905,0.95466244,-0.7318939,0.6814186,-0.9320048,-0.36244595,-0.65850437,-0.7525769,-0.061737794,0.9980924,-0.18065138,0.9835472,-0.47409996,0.88047105,-0.49972206,0.8661858,0.11383833,0.9934993,0,1,-0.28408784,0.9587982,-0.35112378,0.93632907,0.28938943,0.95721143,0.477092,0.8788534,-0.0905362,0.9958932,-0.090535425,0.99589324
-0.8213702,0.57039547,-0.7936059,0.6084321,-0.72335625,0.69047505,-0.60604316,0.79543173,-0.33500975,0.94221467,-0.72138727,0.6925319,-0.9191453,-0.39391872,-0.7432945,-0.6689643,-0.08757441,0.996158,-0.03996815,0.99920094,-0.48564294,0.87415725,-0.5547001,0.8320504,0.10289899,0.9946918,0.14731155,0.98909014,-0.21693046,0.97618705,-0.07387192,0.9972677,0.33148593,0.94346017,0.5038712,0.8637788,0.045407437,0.99896854,-0.047564905,0.99886817
-0.8050559,0.59319896,-0.78935224,0.6139406,-0.722642,0.6912225,-0.7432937,0.6689652,-0.3131952,0.9496888,-0.7208334,0.6931084,-0.91036665,-0.4138026,-0.6459416,-0.76338685,-0.07586775,0.9971179,-0.09757149,0.9952285,-0.4327309,0.9015231,-0.55470043,0.83205014,0.11419057,0.99345887,0.1571152,0.9875803,-0.20952964,0.9778023,-0.14654839,0.9892035,0.32399276,0.9460596,0.5608485,0.82791847,0.12933916,0.9916004,-0.09950395,0.99503714
-0.82289714,0.5681904,-0.797406,0.60344315,-0.7071073,0.7071063,-0.7907238,0.6121731,-0.2790544,0.9602753,-0.7452411,0.6667951,-0.8516585,-0.52409714,-0.58123827,-0.8137334,-0.037011646,0.99931484,-0.029837433,0.99955475,-0.49360558,0.8696859,-0.4472136,0.8944272,0.16274942,0.98666745,0.1617749,0.9868277,-0.15205714,0.98837173,-0.1454942,0.9893591,0.42046112,0.90731055,0.5230163,0.8523227,0.14142126,0.9899495,-0.12933956,0.99160033
-0.93157744,0.363543,-0.8203983,0.5717925,-0.78631806,0.6178219,-0.82747597,0.5615011,-0.33173528,0.9433725,-0.7389561,0.67375356,-0.84799814,-0.5299992,-0.54626787,-0.83761054,-0.035272237,0.9993777,-0.10468473,0.99450547,-0.5144959,0.8574928,-0.49972242,0.8661856,0.19363296,0.98107404,0.14393978,0.9895865,-0.2707457,0.9626509,-0.15205719,0.9883717,0.45901993,0.88842595,0.58817166,0.8087361,0.07387161,0.9972678,-0.094809055,0.9954955
-0.91914517,0.39391893,-0.8279187,0.5608481,-0.8160245,0.57801735,-0.7954315,0.6060435,-0.2730037,0.962013,-0.76822096,0.6401848,-0.8436617,-0.5368751,-0.5547002,-0.8320503,0.014491327,0.999895,-0.062378388,0.9980526,-0.45942262,0.8882178,-0.4472136,0.8944272,0.30189174,0.9533422,0.18807222,0.9821552,-0.29408553,0.95577914,-0.2169307,0.976187,0.5881717,0.8087361,0.5486565,0.8360479,0.30113125,0.9535827,-0.24253532,0.9701426
-0.82404184,0.566529,-0.7649113,0.64413565,-0.667545,0.7445695,-0.7459377,0.66601574,-0.29464555,0.95560664,-0.7730732,0.63431686,-0.92847663,-0.3713908,-0.5087287,-0.8609269,-0.080098994,0.9967869,-0.11354654,0.99353266,-0.60438657,0.79669124,-0.5943913,0.804176,0.07525759,0.99716413,0.11219046,0.99368674,-0.33964446,0.9405539,-0.28734764,0.9578264,0.24018016,0.97072834,0.56396157,0.825801,0.033314656,0.9994449,-0.27472094,0.961524
-0.8111763,0.58480173,-0.76491123,0.64413565,-0.70710677,0.70710677,-0.7703942,0.6375679,-0.32599065,0.945373,-0.6964754,0.71758074,-0.87250584,-0.4886037,-0.6401847,-0.768221,-0.10653313,0.9943091,-0.094808966,0.9954955,-0.5603099,0.8282831,-0.447213,0.8944275,0.056513235,0.9984018,0.11400612,0.99348,-0.3665246,0.93040836,-0.29827496,0.95448,0.23530723,0.971921,0.5002774,0.8658652,-0.07387184,0.9972677,-0.11043099,0.9938838
-0.88438445,0.46675923,-0.89923525,0.43746543,-0.70710677,0.70710677,-0.6178216,0.78631836,-0.46000487,0.8879164,-0.8729433,0.48782167,-0.9986178,-0.052558746,-0.6401834,-0.7682221,-0.2596009,0.965716,-0.32226416,0.9466498,-0.55469996,0.83205044,-0.5943908,0.80417633,-0.08054546,0.99675095,-0.11821285,0.9929883,-0.4886029,0.87250626,-0.5633376,0.8262268,0.124034815,0.99227786,0.26764405,0.96351784,-0.14834034,0.98893636,-0.49613965,0.86824274
-0.84548885,0.5339931,-0.8000002,0.5999998,-0.67827964,0.7348039,-0.5943911,0.8041761,-0.3838786,0.9233836,-0.7348033,0.67828023,-0.98776305,-0.15596205,-0.78086936,-0.62469435,-0.166082,0.98611194,-0.18428822,0.98287225,-0.5390537,0.84227145,-0.5547009,0.8320498,-0.041630615,0.99913305,0.06507924,0.9978801,-0.48860323,0.8725061,-0.384615,0.9230771,0.07669646,0.9970545,0.49026132,0.8715755,-0.04993769,0.99875236,-0.37139028,0.92847687
-0.8262273,0.56333685,-0.69502187,0.7189886,-0.7784132,0.6277523,-0.677057,0.73593056,-0.3368834,0.9415464,-0.6601147,0.7511648,-0.85419863,-0.5199469,-0.5646841,-0.82530713,-0.16439897,0.9863939,-0.10289874,0.99469185,-0.5608485,0.82791847,-0.5900163,0.80739135,-0.05930116,0.9982401,0.099503316,0.99503726,-0.3713903,0.92847687,-0.3713903,0.92847687,0.075056635,0.99717927,0.45587605,0.89004326,-0.16439922,0.98639387,-0.3713908,0.92847663
-0.72595274,0.6877446,-0.74593776,0.6660157,-0.84964025,0.52736276,-0.73715425,0.67572457,-0.23587011,0.9717846,-0.73895574,0.6737539,-0.78086925,-0.6246945,-0.39391914,-0.9191451,-0.06914127,0.9976069,-0.17715283,0.9841834,-0.48307762,0.8755775,-0.66257375,0.7489967,0.056726675,0.9983897,0.075257555,0.99716413,-0.35897884,0.9333457,-0.41158682,0.9113706,0.1375683,0.9904923,0.51107544,0.8595359,-0.055469293,0.9984604,-0.402739,0.91531485
-0.7719304,0.635707,-0.6507911,0.75925684,-0.23559989,0.97185016,-0.24987787,0.96827734,-0.12403469,0.99227786,-0.45631665,0.8898175,-0.9938837,-0.11043153,-0.8169677,-0.5766834,0.14430703,0.98953295,0.019995986,0.9998001,-0.2576625,0.966235,-0.32711098,0.9449859,0.3289322,0.9443535,0.1880725,0.98215514,-0.03569153,0.9993628,0,1,0.5112927,0.85940665,0.63473946,0.77272624,0.04756515,0.99886817,-0.26311797,0.96476364
-0.79709244,0.6038573,-0.7661914,0.6426124,-0.22282551,0.97485834,-0.3060093,0.9520285,-0.26397654,0.9645291,-0.5547002,0.8320503,-0.97780234,-0.20952944,-0.83205056,-0.5546998,-0.010416192,0.99994576,-0.059892412,0.9982048,-0.37729684,0.9260924,-0.25997296,0.96561587,0.2248594,0.9743912,0.04163051,0.99913305,-0.06880202,0.99763036,-0.20395358,0.97898054,0.43414196,0.90084445,0.43627363,0.89981407,0.094808966,0.9954955,-0.10468463,0.99450547
-0.74098676,0.67151964,-0.707107,0.70710653,-0.057049822,0.9983713,-0.031234771,0.9995121,-0.22414763,0.9745552,-0.51830196,0.85519767,-0.9938837,0.11043153,-0.70710766,-0.70710593,0.030289145,0.99954116,-0.020403923,0.9997918,-0.06880214,0.9976303,-0.20952922,0.9778024,0.2788101,0.9603462,0.12663199,0.99194974,-0.07669655,0.99705446,-0.0766965,0.99705446,0.50702,0.8619343,0.4472138,0.89442706,0.052558888,0.9986178,-0.058722023,0.9982744
-0.6426125,0.7661913,-0.5958468,0.80309814,0.10748156,0.9942071,0.0712475,0.9974587,-0.18560678,0.9826241,-0.26090926,0.9653633,-0.8574926,0.5144962,-0.9486833,-0.31622776,0.13511305,0.9908302,0.043437496,0.99905616,0.03843267,0.9992612,0,1,0.3813309,0.9244386,0.16439912,0.9863939,0.15799011,0.9874407,0.083045974,0.99654573,0.6053675,0.7959461,0.5390536,0.84227145,0.12403556,0.9922778,0.20600982,0.9785499
-0.78802454,0.61564386,-0.69310874,0.720833,-0.19611643,0.9805806,-0.16439849,0.986394,-0.16955209,0.98552126,-0.47709176,0.8788535,-1,0,-0.7525766,-0.6585047,0.096324086,0.99535,0.039968275,0.99920094,-0.18884754,0.98200643,-0.25997326,0.9656158,0.3322594,0.9431881,0.1713414,0.98521173,-0.037012216,0.9993148,0.043437883,0.9990561,0.53399295,0.8454889,0.5787469,0.81550723,0.10468449,0.99450547,-0.09950345,0.9950372
-0.76429117,0.64487135,-0.6246952,0.7808687,-0.29827553,0.9544798,-0.22026049,0.9754411,-0.12403469,0.99227786,-0.5038711,0.8637788,-0.9938838,-0.1104313,-0.85749304,-0.5144956,0.13699411,0.99057186,0.05759643,0.99833995,-0.24987814,0.9682773,-0.24253526,0.9701426,0.36039937,0.9327981,0.22337611,0.97473234,-0.18884781,0.9820064,-0.037011582,0.99931484,0.56468385,0.8253073,0.60843176,0.7936062,0.13511297,0.9908302,-0.27472147,0.96152383
-0.7445694,0.667545,-0.6178215,0.78631836,-0.32507965,0.94568664,-0.34425446,0.9388764,-0.053116526,0.9985883,-0.49360564,0.8696858,-0.9950372,-0.09950344,-0.7999998,-0.6000003,0.19404238,0.98099315,0.114624135,0.9934089,-0.39391872,0.9191453,-0.29408634,0.95577884,0.3925651,0.9197242,0.23257315,0.9725789,-0.1065331,0.9943091,-0.1757905,0.9844276,0.5867752,0.8097499,0.5547001,0.8320504,0.20601073,0.9785497,-0.3417437,0.93979317
-0.6957953,0.71824014,-0.6401845,0.7682212,-0.3442545,0.9388764,-0.3656525,0.93075144,-0.082195126,0.99661624,-0.41905814,0.9079594,-0.9852118,-0.17134114,-0.81696737,-0.5766839,0.17316803,0.9848923,0.1084476,0.9941022,-0.4228856,0.90618306,-0.2940864,0.95577884,0.367428,0.930052,0.26963004,0.962964,-0.19611566,0.98058075,-0.24253562,0.9701425,0.53533524,0.84463966,0.6,0.8,0.24253541,0.97014254,-0.40273857,0.91531503
-0.69459426,0.71940166,-0.58363616,0.8120153,-0.42443368,0.90545905,-0.306009,0.95202863,-0.071247,0.9974587,-0.4472136,0.8944272,-0.9852118,-0.17134103,-0.83956975,-0.54325193,0.16091871,0.9869677,0.10653305,0.9943092,-0.3162274,0.94868344,-0.29408628,0.9557789,0.34988633,0.93679214,0.29271406,0.9562,-0.20260547,0.97926044,-0.20952895,0.97780246,0.5518669,0.8339322,0.5717928,0.8203981,0.05546996,0.99846035,-0.31622756,0.9486834
-0.70710677,0.70710677,-0.59999985,0.80000013,-0.3609943,0.932568,-0.47409979,0.8804711,-0.110431485,0.9938837,-0.37139076,0.92847663,-0.9928768,-0.11914546,-0.731055,-0.6823185,0.13419181,0.99095535,0.14394006,0.9895864,-0.35465398,0.9349976,-0.38964003,0.9209672,0.33282012,0.9429903,0.27716053,0.96082366,-0.22722977,0.9738412,-0.29408544,0.95577914,0.5267666,0.85001,0.56552863,0.82472867,-0.15596282,0.9877629,-0.44721326,0.89442736
-0.695795,0.71824044,-0.5421269,0.8402966,-0.44721383,0.89442706,-0.47409955,0.8804712,-0.07896055,0.99687773,-0.46788752,0.88378805,-0.9928768,-0.11914513,-0.8384435,-0.5449886,0.15758087,0.9875061,0.13864774,0.9903418,-0.40081865,0.9161574,-0.32711098,0.9449859,0.34731433,0.9377488,0.24253578,0.9701425,-0.21693046,0.97618705,-0.21693097,0.97618693,0.5126101,0.85862154,0.5703954,0.82137024,-0.17378533,0.98478353,-0.5546998,0.83205056
-0.64697766,0.762509,-0.57346225,0.819232,-0.45864308,0.88862056,-0.47628254,0.8792923,-0.039572995,0.9992167,-0.52549267,0.85079813,-0.97717637,-0.21242975,-0.8169682,-0.57668275,0.14731142,0.98909014,0.062378075,0.9980526,-0.2940857,0.9557791,0.6246948,0.780869,0.31622782,0.94868326,0.27472103,0.96152395,-0.250962,0.96799695,-0.35897934,0.9333455,0.45237613,0.8918272,0.58650994,0.809942,-0.110431194,0.9938838,-0.38075045,0.92467785
-0.6066733,0.79495126,-0.57874715,0.81550705,-0.46915555,0.88311553,-0.53905314,0.84227175,-0.03806767,0.99927515,-0.5079848,0.86136603,-0.9723872,-0.23337351,-0.85328203,-0.52144974,0.13419178,0.99095535,0.121541105,0.9925864,-0.38461542,0.9230769,-0.25997326,0.9656158,0.29250437,0.9562642,0.2148617,0.97664446,-0.31622797,0.9486832,-0.24253547,0.97014254,0.398726,0.9170701,0.62188226,0.78311074,-0.40613902,0.9138113,-0.49613878,0.8682432
-0.6034427,0.7974064,-0.5432512,0.8395702,-0.4788522,0.87789553,-0.5390538,0.8422713,-0.028559828,0.99959207,-0.48925096,0.87214303,-0.9928768,-0.11914544,-0.8050558,-0.5931991,0.14430682,0.989533,0.08893191,0.9960377,-0.37637693,0.92646664,-0.30600923,0.9520286,0.27472097,0.961524,0.2702565,0.96278834,-0.37729722,0.9260922,-0.25997305,0.96561587,0.40866446,0.9126847,0.61394083,0.78935206,-0.29827473,0.95448005,-0.40613866,0.91381145
-0.64894676,0.7608338,-0.5665287,0.824042,-0.39760756,0.9175556,-0.5754931,0.81780666,-0.07197778,0.99740624,-0.38613826,0.92244095,-0.9938838,-0.1104313,-0.7999998,-0.6000003,0.12266207,0.9924485,0.11043157,0.9938837,-0.34818658,0.93742526,-0.37139055,0.92847675,0.26311746,0.9647638,0.26311734,0.9647638,-0.33633617,0.941742,-0.26962984,0.96296406,0.40081885,0.9161573,0.60745007,0.79435784,-0.38074872,0.92467856,-0.42993397,0.90286034
-0.6246947,0.78086907,-0.5105393,0.8598544,-0.483686,0.8752416,-0.5299994,0.847998,-0.027262634,0.9996283,-0.5144959,0.85749286,-0.98994946,-0.14142165,-0.83205014,-0.55470043,0.13597988,0.99071157,0.07525781,0.99716413,-0.42700648,0.9042486,-0.35112327,0.93632925,0.24515669,0.9694835,0.23852457,0.97113645,-0.3546541,0.93499756,-0.30477569,0.95242417,0.35544765,0.9346962,0.6448711,0.76429135,-0.26764414,0.96351784,-0.49613902,0.8682431
-0.60971063,0.7926241,-0.52256227,0.8526011,-0.5480263,0.83646107,-0.50872886,0.8609268,-0.06846641,0.9976534,-0.47409996,0.880471,-0.9743912,-0.2248594,-0.806405,-0.5913636,0.1138385,0.9934993,0.039967876,0.99920094,-0.3665245,0.9304084,-0.35112384,0.936329,0.26879898,0.9631963,0.17715283,0.9841834,-0.2963991,0.9550642,-0.3285207,0.94449675,0.359872,0.9330017,0.63059247,0.77611417,-0.36244655,0.9320046,-0.4961386,0.86824334
-0.7071066,0.707107,-0.67940843,0.7337603,-0.5144956,0.85749304,-0.546267,0.83761114,-0.11154431,0.99375945,-0.57039595,0.8213698,-0.97439116,-0.22485961,-0.76822156,-0.6401841,0.08570514,0.99632055,0,1,-0.43474925,0.90055156,-0.44721335,0.8944273,0.26119503,0.9652861,0.18065153,0.98354715,-0.32711062,0.94498605,-0.40273815,0.9153152,0.4049263,0.9143493,0.5655282,0.82472897,-0.38805676,0.92163545,-0.63059235,0.7761142
-0.70710677,0.70710677,-0.61080354,0.79178214,-0.59522694,0.80355763,-0.46256638,0.88658464,-0.1206084,0.99270016,-0.61394066,0.7893522,-0.95999986,-0.28000054,-0.73480356,-0.67827994,0.059892353,0.9982048,0.037708808,0.9992888,-0.43556064,0.90015936,-0.42288536,0.9061832,0.23745307,0.971399,0.16148856,0.9868746,-0.29639915,0.9550642,-0.3511236,0.9363291,0.39391935,0.919145,0.52145,0.85328186,-0.3643993,0.93124276,-0.4640074,0.8858313
-0.72884816,0.68467534,-0.70710725,0.7071063,-0.51897717,0.8547881,-0.57346344,0.81923115,-0.16113192,0.9869329,-0.60385793,0.79709196,-0.9566739,-0.2911615,-0.76338696,-0.64594144,0.07669647,0.9970545,-0.018864652,0.999822,-0.44721335,0.8944273,-0.49613893,0.86824316,0.25621262,0.96662045,0.15205713,0.98837173,-0.29408595,0.95577896,-0.4613523,0.88721704,0.41192126,0.9112194,0.55469996,0.83205044,-0.21693057,0.97618705,-0.49613884,0.8682432
-0.78311116,0.6218818,-0.71898794,0.6950225,-0.56231016,0.8269264,-0.5710651,0.8209048,-0.22337626,0.9747323,-0.6332379,0.7739572,-0.9344878,-0.35599515,-0.76491123,-0.64413565,0,1,-0.018515369,0.9998286,-0.48564297,0.87415725,-0.496139,0.8682431,0.21336187,0.97697324,0.07974531,0.99681526,-0.3047755,0.9524242,-0.29408622,0.9557789,0.3880569,0.9216354,0.514496,0.85749274,-0.31622806,0.9486832,-0.52144974,0.853282
-0.80565083,0.5923907,-0.6931084,0.72083336,-0.540758,0.8411782,-0.5999999,0.8000001,-0.19415057,0.98097175,-0.6715195,0.7409869,-0.9284767,-0.37139067,-0.80873567,-0.5881723,0.043913625,0.99903536,-0.11248918,0.99365294,-0.432731,0.9015231,-0.47058812,0.882353,0.22903928,0.97341716,0.058722273,0.9982744,-0.3047763,0.952424,-0.33871895,0.9408876,0.42220554,0.90650016,0.48564294,0.87415725,-0.124034174,0.9922779,-0.6,0.8
-0.845489,0.5339928,-0.7327932,0.6804514,-0.5273631,0.84964,-0.5943907,0.8041764,-0.25201142,0.96772426,-0.6715196,0.7409868,-0.9397934,-0.34174305,-0.7649116,-0.64413524,-0.021047954,0.99977845,-0.11684114,0.9931506,-0.37139097,0.9284766,-0.49972215,0.8661858,0.16803093,0.9857817,0.119145505,0.9928768,-0.29639924,0.9550641,-0.33871967,0.94088733,0.3795565,0.9251686,0.5254926,0.85079813,-0.26764435,0.9635178,-0.41380265,0.9103666
-0.86968607,0.4936053,-0.78802454,0.61564386,-0.5328136,0.8462326,-0.57106405,0.8209055,-0.28160173,0.95953137,-0.6601148,0.75116473,-0.9344876,-0.35599574,-0.6246953,-0.7808686,-0.021734014,0.9997638,-0.15205729,0.9883717,-0.37139103,0.9284766,-0.47058803,0.88235307,0.18290786,0.98313004,0.04078241,0.99916804,-0.25997332,0.9656158,-0.31622756,0.9486834,0.3982848,0.91726184,0.48782137,0.87294346,-0.28216696,0.9593653,-0.37863278,0.925547
-0.8454887,0.53399324,-0.7999998,0.6000003,-0.5240975,0.8516583,-0.56231016,0.8269264,-0.30113128,0.9535827,-0.62188214,0.78311086,-0.9255469,-0.37863296,-0.6585043,-0.752577,-0.06237831,0.9980526,-0.12403473,0.99227786,-0.40613803,0.91381174,-0.4472136,0.8944272,0.1626404,0.9866854,0.056513533,0.9984018,-0.32711032,0.94498616,-0.27472165,0.9615238,0.38703895,0.92206335,0.46574637,0.8849183,-0.21693102,0.97618693,-0.46256566,0.886585
-0.83205044,0.5547,-0.8056511,0.59239024,-0.5390539,0.84227127,-0.5368747,0.843662,-0.32507983,0.9456866,-0.62775254,0.778413,-0.91914517,-0.393919,-0.55469924,-0.8320509,-0.041202143,0.9991508,-0.1285541,0.9917025,-0.5144954,0.85749316,-0.51449615,0.8574927,0.1559625,0.987763,0,1,-0.31622756,0.9486834,-0.3047759,0.9524241,0.36354253,0.9315776,0.4936056,0.8696859,-0.31622836,0.9486831,-0.3939193,0.91914505
-0.9032775,0.42905673,-0.8466366,0.5321715,-0.50980216,0.86029166,-0.57106394,0.8209056,-0.41456464,0.9100199,-0.6448707,0.7642917,-0.8944276,-0.44721282,-0.4472126,-0.8944277,-0.15282272,0.9882536,-0.18884744,0.98200643,-0.47222126,0.88148004,-0.4327313,0.90152293,0.07348508,0.99729633,0,1,-0.32711038,0.9449861,-0.36439973,0.93124264,0.3195313,0.94757575,0.43690413,0.89950806,-0.1046842,0.9945055,-0.5263549,0.85026497
-0.9715203,0.2369562,-0.90795916,0.41905862,-0.49301332,0.87002176,-0.4920568,0.8705631,-0.5523804,0.8335922,-0.693642,0.7203199,-0.81923115,-0.5734634,-0.53687626,-0.843661,-0.27472115,0.96152395,-0.28408834,0.9587981,-0.48860323,0.8725061,-0.51449627,0.8574926,-0.032591466,0.99946874,-0.12933911,0.9916004,-0.33633652,0.9417419,-0.40273875,0.915315,0.23996823,0.97078073,0.2016528,0.9794571,-0.05546984,0.99846035,-0.4472136,0.8944272
-0.94868344,0.31622735,-0.8995081,0.4369041,-0.5328134,0.8462328,-0.5087297,0.8609263,-0.49942836,0.8663552,-0.76619154,0.6426123,-0.707106,-0.70710754,-0.48564324,-0.8741571,-0.25702262,0.9664054,-0.30477566,0.95242417,-0.48564273,0.87415737,-0.5087297,0.8609263,-0.010637568,0.99994344,-0.13819614,0.9904049,-0.31622759,0.9486834,-0.35897937,0.9333455,0.25286955,0.9675004,0.21951191,0.97560984,-0.10468452,0.99450547,-0.37139082,0.92847663
-0.9715202,0.23695692,-0.9383434,0.3457046,-0.5546997,0.8320506,-0.43145606,0.90213394,-0.5875986,0.8091526,-0.7633865,0.64594203,-0.8320501,-0.5547005,-0.19611688,-0.9805805,-0.3511234,0.9363292,-0.34481743,0.93866974,-0.47628325,0.8792919,-0.47885224,0.87789553,-0.113838404,0.9934993,-0.19996025,0.97980404,-0.32711038,0.9449861,-0.35599545,0.9344877,0.17796408,0.984037,0.07669673,0.99705446,-0.062378515,0.99805254,-0.44721398,0.894427
-0.9890902,0.14731124,-0.9686638,0.2483755,-0.47058842,0.8823528,-0.46574622,0.88491833,-0.6711756,0.7412984,-0.78349763,0.6213948,-0.7071084,-0.70710516,-0.26311755,-0.96476376,-0.46325418,0.88622546,-0.3939194,0.919145,-0.47628337,0.87929183,-0.4472128,0.8944276,-0.23996826,0.97078073,-0.24253543,0.97014254,-0.31622797,0.9486832,-0.34174326,0.93979335,0.06880218,0.9976303,0.027017362,0.999635,-0.2576636,0.9662347,-0.2676438,0.9635179
-0.98503053,0.17237985,-0.9352862,0.35389215,-0.52256143,0.85260165,-0.4657471,0.88491786,-0.6015768,0.79881495,-0.8320502,0.5547003,-0.7071076,-0.70710593,-0.07669628,-0.9970545,-0.39029273,0.92069083,-0.40794033,0.9130086,-0.43145585,0.90213406,-0.47409976,0.88047117,-0.15758075,0.9875061,-0.2614155,0.96522635,-0.31622756,0.9486834,-0.3285206,0.9444968,0.13991445,0.9901636,0.025632527,0.99967146,-0.1104313,0.9938838,-0.4257967,0.90481883
-0.99040484,0.13819651,-0.95782626,0.2873479,-0.5710652,0.82090473,0,1,-0.67747563,0.7355452,-0.7966913,0.6043864,-0.099505976,-0.99503696,0.058723338,-0.99827427,-0.47816816,0.8782683,-0.35764748,0.93385667,-0.43145484,0.90213454,-0.4613533,0.8872165,-0.24493618,0.9695392,-0.25335932,0.96737224,-0.30477524,0.9524243,-0.35112378,0.93632907,0.05426791,0.9985264,0.05397491,0.9985423,-0.116840534,0.9931507,-0.34570545,0.9383431
-0.9794572,0.2016523,-0.935286,0.35389286,-0.60000086,0.79999936,0.16439977,0.9863938,-0.5935423,0.8048028,-0.7808687,0.6246952,0,-1,0.27472067,-0.96152407,-0.37478918,0.9271101,-0.3680485,0.9298066,-0.35112295,0.93632936,-0.5038718,0.8637785,-0.1315012,0.991316,-0.24253562,0.9701425,-0.26592895,0.96399266,-0.28734756,0.9578264,0.15129918,0.988488,0.05546975,0.99846035,-0.10468431,0.9945055,-0.14834036,0.98893636
-0.9831299,0.18290848,-0.928477,0.37138996,-0.68965477,0.7241383,0.23337239,0.97238743,-0.6125718,0.790415,0.017541215,0.99984616,-0.29639953,0.95506406,-0.47409916,0.88047147,-0.37312874,0.92777956,0.08853967,0.99607265,-0.15923242,0.98724115,-0.24253562,0.9701425,-0.15596268,0.9877629,-0.11043148,0.9938837,-0.46031696,0.8877546,-0.33871976,0.94088733,0.105785996,0.99438894,0.057049427,0.99837136,0,1,-0.30113044,0.95358294
-0.9539937,0.29982668,-0.9230771,0.38461488,-0.6163083,0.787505,-0.099503145,0.99503726,-0.4907366,0.87130797,-0.76338655,0.6459419,-0.52409756,-0.8516582,-0.33034953,-0.9438587,-0.21024697,0.9776483,-0.27472124,0.9615239,-0.45942262,0.8882178,-0.33633667,0.9417418,0.043437224,0.99905616,-0.06370025,0.9979691,-0.26963013,0.96296394,-0.2998262,0.95399386,0.3363365,0.9417419,0.23046632,0.9730803,0,1,-0.2124294,0.9771764
-0.93334574,0.3589787,-0.8831155,0.46915573,-0.6507917,0.7592563,-0.3162288,0.94868296,-0.4711084,0.8820753,-0.70710707,0.70710653,-0.6178221,-0.7863179,-0.29408383,-0.9557796,-0.20601042,0.9785498,-0.18540813,0.9826616,-0.51449585,0.85749286,-0.3589788,0.93334574,0.07754355,0.99698895,-0.08136189,0.9966846,-0.20260556,0.97926044,-0.36439952,0.9312427,0.3674279,0.930052,0.24253607,0.97014236,-0.052559473,0.99861777,-0.31622776,0.9486833
-0.9138117,0.4061382,-0.8998141,0.4362735,-0.68774426,0.72595304,-0.43145546,0.90213424,-0.42232153,0.9064461,-0.7337607,0.679408,-0.68231773,-0.73105574,-0.4472136,-0.8944272,-0.12663192,0.9919498,-0.25643483,0.96656156,-0.4027388,0.915315,-0.5038706,0.8637791,0.11165695,0.9937468,-0.02173403,0.9997638,-0.2940858,0.955779,-0.28000063,0.9599998,0.37543282,0.9268496,0.34570515,0.93834317,0,1,-0.38805687,0.92163545
-0.9128182,0.4083662,-0.8768128,0.48083192,-0.68965465,0.72413844,-0.37139097,0.9284766,-0.41841084,0.9082579,-0.7348035,0.67828006,-0.68231845,-0.7310551,-0.47058848,-0.8823528,-0.15044194,0.98861885,-0.10578596,0.99438894,-0.46031705,0.88775456,-0.46135262,0.88721687,0.101742014,0.9948108,0.06507939,0.9978801,-0.38963994,0.9209673,-0.23337321,0.97238725,0.38638476,0.9223377,0.3969114,0.91785693,-0.0554706,0.9984603,-0.38805673,0.9216355
-0.8898177,0.4563161,-0.84663624,0.532172,-0.70710677,0.70710677,-0.44721454,0.8944267,-0.37789708,0.9258476,-0.75408155,0.6567808,-0.7525775,-0.6585037,-0.38074905,-0.9246784,-0.13864787,0.9903417,-0.13864769,0.9903418,-0.5189785,0.8547873,-0.53905356,0.8422715,0.083913416,0.9964731,0.042515077,0.9990958,-0.29639944,0.95506406,-0.31622824,0.94868314,0.31622782,0.94868326,0.45680466,0.889567,-0.16439882,0.9863939,-0.4657464,0.8849182
-0.9073105,0.42046127,-0.8551979,0.5183016,-0.66896456,0.7432943,-0.46400675,0.88583165,-0.3853352,0.92277664,-0.70710653,0.707107,-0.81067944,-0.5854902,-0.31622717,-0.9486835,-0.11502103,0.9933631,-0.14430663,0.989533,-0.5390538,0.8422713,-0.4997224,0.8661856,0.112909675,0.99360526,0.062378533,0.99805254,-0.327111,0.9449859,-0.3285202,0.9444969,0.3908737,0.9204443,0.3795563,0.92516863,-0.055470195,0.99846035,-0.5547,0.83205044
-0.90731096,0.42046028,-0.8087358,0.58817214,-0.633238,0.77395713,-0.6357067,0.7719307,-0.34893742,0.937146,-0.7525766,0.6585047,-0.82530737,-0.5646838,-0.345705,-0.9383432,-0.10691076,0.9942686,-0.1465487,0.98920345,-0.53905356,0.84227145,-0.5240972,0.85165846,0.13511313,0.9908302,0.019996138,0.9998001,-0.3387196,0.94088733,-0.4166548,0.90906477,0.3713908,0.92847663,0.4083658,0.9128184,-0.11684092,0.99315065,-0.42808658,0.9037377
-0.90424836,0.42700687,-0.83205056,0.5546998,-0.70710677,0.70710677,-0.5144949,0.85749346,-0.35340062,0.9354721,-0.7194015,0.6945945,-0.85749286,-0.51449585,-0.5547007,-0.83204997,-0.06726314,0.99773526,-0.18208918,0.983282,-0.4762832,0.87929195,-0.59522736,0.80355734,0.15294117,0.9882353,0,1,-0.32711038,0.94498616,-0.39872667,0.9170698,0.43190473,0.90191925,0.40836635,0.91281813,-0.31622717,0.9486835,-0.5432517,0.83956987
-0.9312426,0.36439988,-0.9156441,0.40198985,-0.54212683,0.8402967,-0.44721425,0.8944269,-0.5523803,0.83359224,-0.76822096,0.64018476,-0.9761871,0.21693034,-0.9883716,-0.15205763,-0.32507968,0.94568664,-0.25335956,0.9673722,-0.6431922,0.7657048,-0.5299985,0.84799856,-0.09950372,0.9950372,-0.16829664,0.98573637,-0.44721308,0.8944274,-0.4961391,0.86824304,0.06715582,0.9977425,0.4472136,0.8944272,-0.37139115,0.9284765,-0.66162145,0.749838
-0.91036654,0.4138028,-0.89923525,0.43746543,-0.57346195,0.8192322,-0.4594228,0.8882177,-0.52910125,0.8485587,-0.82090497,0.5710648,-0.96152407,0.2747208,-0.9863939,-0.16439898,-0.289177,0.9572756,-0.35897905,0.9333456,-0.51449585,0.85749286,-0.5299992,0.84799814,-0.06846629,0.9976534,-0.16007154,0.9871054,-0.43273094,0.9015231,-0.52635413,0.85026544,0.10722149,0.99423516,0.43556082,0.9001593,-0.42579722,0.9048186,-0.6853645,0.7282002
-0.9119218,0.41036403,-0.88491803,0.46574676,-0.6347396,0.7727261,-0.51897806,0.8547876,-0.46325427,0.8862254,-0.79669136,0.6043864,-1,0,-0.7295371,-0.6839412,-0.23786874,0.9712973,-0.2775397,0.96071416,-0.5900164,0.8073912,-0.52409774,0.8516581,-0.050954245,0.998701,-0.08853968,0.99607265,-0.42288575,0.906183,-0.49205717,0.87056285,0.12131946,0.9926135,0.28938955,0.95721143,-0.2676443,0.9635178,-0.5999998,0.8000002
-0.9267392,0.3757052,-0.8320507,0.5546996,-0.72198784,0.69190574,-0.5038714,0.8637787,-0.4382023,0.89887637,-0.8064052,0.59136343,-0.97854984,-0.20601027,-0.7808691,-0.62469465,-0.2583617,0.96604824,-0.24738388,0.96891755,-0.5999997,0.8000002,-0.5299991,0.8479982,-0.07929527,0.99685115,-0.088539265,0.9960727,-0.4762837,0.87929165,-0.57346195,0.8192322,0.082075,0.99662614,0.38074982,0.9246781,-0.2316206,0.9728062,-0.7071071,0.7071064
-0.90731066,0.42046085,-0.88378793,0.46788773,-0.7612432,0.6484665,-0.6332378,0.7739573,-0.47885212,0.8778956,-0.8479983,0.52999896,-0.91914517,-0.39391902,-0.6,-0.8,-0.28829235,0.9575424,-0.29271385,0.95620006,-0.65362024,0.7568227,-0.6,0.8,-0.15205719,0.9883717,-0.0623779,0.9980526,-0.5299994,0.847998,-0.5881717,0.8087361,0.011493695,0.99993396,0.41575977,0.9094745,-0.3880567,0.9216355,-0.6877447,0.7259527
-0.9191452,0.39391878,-0.8507978,0.52549326,-0.70710677,0.70710677,-0.6368815,0.77096176,-0.47110856,0.88207525,-0.7556889,0.6549307,-0.92554677,-0.37863338,-0.6246955,-0.7808685,-0.28547665,0.95838565,-0.17715313,0.9841833,-0.6431917,0.76570517,-0.6050835,0.796162,-0.12131933,0.99261355,0,1,-0.5623103,0.8269263,-0.51994723,0.8541984,0.05941869,0.99823314,0.40836602,0.91281825,-0.2631176,0.96476376,-0.7452407,0.66679555
-0.9166958,0.3995858,-0.8551977,0.5183019,-0.78086936,0.62469435,-0.6291975,0.77724546,-0.425797,0.9048187,-0.740987,0.67151934,-0.8944272,-0.4472136,-0.566529,-0.82404184,-0.22253697,0.97492427,-0.21903844,0.97571623,-0.64018476,0.768221,-0.64018404,0.76822156,-0.033688776,0.9994324,-0.04440042,0.99901384,-0.476283,0.879292,-0.57801765,0.81602424,0.13295543,0.991122,0.478852,0.87789565,-0.4856424,0.87415755,-0.5766833,0.8169678
-0.91281843,0.4083656,-0.88897455,0.45795667,-0.7808689,0.62469494,-0.6114476,0.7912849,-0.4257972,0.90481865,-0.77002144,0.638018,-0.8858315,-0.4640071,-0.5449879,-0.8384439,-0.2272295,0.97384125,-0.22903956,0.9734171,-0.60971063,0.79262406,-0.633238,0.77395713,-0.056726687,0.9983897,0,1,-0.53905314,0.84227175,-0.54626864,0.83761007,0.12716433,0.99188167,0.52549267,0.85079813,-0.42579725,0.9048186,-0.6643639,0.7474092
-0.91381145,0.40613872,-0.88897437,0.45795697,-0.7703947,0.6375672,-0.58817077,0.8087368,-0.40026617,0.91639894,-0.7661915,0.64261234,-0.85419863,-0.5199468,-0.5214496,-0.8532821,-0.20260552,0.97926044,-0.16741447,0.9858866,-0.6561791,0.7546052,-0.67426944,0.73848546,0.0370116,0.99931484,0,1,-0.5240973,0.8516584,-0.5546996,0.8320507,0.2585095,0.9660087,0.3880569,0.9216354,-0.3807503,0.9246779,-0.64413583,0.7649111
-0.9563514,0.2922191,-0.90481895,0.42579648,-0.8030979,0.59584713,-0.78086865,0.62469524,-0.4516141,0.89221334,-0.81819177,0.5749454,-0.7649116,-0.6441353,-0.40613812,-0.9138117,-0.21440715,0.97674435,-0.27716106,0.9608235,-0.72264194,0.69122255,-0.69190496,0.7219886,-0.01315685,0.99991345,-0.058722127,0.9982744,-0.6050831,0.7961623,-0.6667949,0.7452413,0.20750408,0.9782342,0.38461566,0.9230768,-0.4472136,0.8944272,-0.630593,0.7761137
-0.99956775,0.029399524,-0.89442736,0.44721323,-0.81923187,0.5734624,-0.8574929,0.51449573,-0.48144463,0.8764765,-0.83205044,0.5547,-0.8087356,-0.5881724,-0.5010374,-0.86542565,-0.23285495,0.9725115,-0.3872325,0.9219821,-0.6585044,0.7525768,-0.7071065,0.70710707,-0.031234663,0.9995121,-0.14430688,0.989533,-0.5462683,0.8376103,-0.5710642,0.82090545,0.15370697,0.9881165,0.348734,0.93722177,-0.660628,0.7507134,-0.8192319,0.5734623
-0.9397934,0.34174305,-0.8654263,0.5010362,-0.8574932,0.51449525,-0.8741572,0.48564315,-0.48736623,0.8731977,-0.81923175,0.5734626,-0.8479984,-0.52999884,-0.42993352,-0.9028605,-0.2933224,0.95601356,-0.43145543,0.90213424,-0.64846647,0.7612432,-0.737154,0.6757248,-0.18884768,0.9820064,-0.043436605,0.99905616,-0.66257393,0.7489965,-0.62919825,0.77724487,-0.13663746,0.99062115,0.40836588,0.9128183,-0.5999998,0.80000013,-0.7525762,0.65850526
-0.92033076,0.39114106,-0.9563518,0.2922178,-0.7703942,0.6375678,-0.60971045,0.79262424,-0.46829355,0.88357294,-0.80000013,0.59999985,-0.6887497,-0.72499925,-0.42579684,-0.9048188,-0.20829204,0.9780667,-0.24253562,0.9701425,-0.64846647,0.7612432,-0.5780171,0.81602466,0.027766967,0.9996144,-0.05651311,0.9984019,-0.41905817,0.9079594,-0.36565268,0.9307514,0.34091333,0.9400947,0.26879892,0.96319634,-0.047564644,0.99886817,-0.5199471,0.85419846
-0.996729,0.08081616,-0.97014254,0.24253535,-0.81550705,0.57874715,-0.5098035,0.8602909,-0.48648572,0.8736885,-0.8654262,0.50103647,-0.68774474,-0.7259526,-0.3624461,-0.93200475,-0.17981623,0.9837002,-0.3319065,0.9433123,-0.560848,0.82791877,-0.6643635,0.7474096,0.09950363,0.9950372,-0.12189122,0.99254346,-0.37637702,0.9264666,-0.54325134,0.8395701,0.43820226,0.89887637,0.2003964,0.9797149,0,1,-0.5144961,0.85749274
-0.9863939,0.16439898,-0.935286,0.35389274,-0.7875051,0.61630815,-0.3656524,0.9307515,-0.47816804,0.87826836,-0.8203983,0.57179254,-0.57346183,-0.8192323,-0.21693091,-0.97618693,-0.17888537,0.9838699,-0.24700359,0.9690146,-0.5189781,0.8547875,-0.54724944,0.83696955,0.11871967,0.9929278,-0.07253556,0.99736583,-0.3867269,0.9221943,-0.42993334,0.90286064,0.42950615,0.90306395,0.2248594,0.9743912,0.14142123,0.9899495,-0.47628352,0.8792918
-0.98994946,0.14142136,-0.9557788,0.29408658,-0.6585049,0.7525765,0,1,-0.46697438,0.88427085,-0.7337603,0.67940843,-0.25096318,-0.96799666,0,-1,-0.14980528,0.9887155,-0.18208924,0.983282,-0.28000018,0.9599999,0.5547011,0.83204967,0.15282285,0.9882536,0.08893191,0.9960377,-0.08540133,0.99634665,0,-1,0.5051793,0.8630144,0.23257294,0.97257894,0.26764375,0.96351796,0.07124822,0.99745864
-0.99805254,0.06237849,-0.9701423,-0.24253634,-0.780869,0.6246948,0.034462374,0.999406,-0.50262046,0.8645072,-0.80994165,0.5865104,0.55755615,0.8301392,-0.20952883,0.97780246,-0.19812092,0.9801776,-0.119145155,0.9928768,0.61564374,0.7880246,0.536876,0.8436611,0.07669648,0.99705446,0.08662989,0.99624056,0.15437664,0.9880121,-0.04163065,0.99913305,0.43820232,0.89887637,0.2609092,0.9653633,0.31622776,0.9486833,0.09053506,0.99589324
-0.99967146,-0.025632367,-0.9438584,0.33035028,-0.5299981,0.8479988,0.25242138,0.9676174,-0.53623265,0.8440702,-0.73593104,0.6770565,0,-1,0,-1,-0.25242192,0.9676173,-0.1414213,0.9899495,-0.22026077,0.97544104,-0.07387177,0.9972677,0.022721427,0.99974185,0.12663202,0.99194974,0.06237833,0.9980526,0,1,0.39532202,0.9185426,0.31622776,0.9486833,0.28734815,0.9578262,0.15596229,0.987763
-0.9828721,0.18428898,-0.91381145,0.40613875,-0.44721466,0.89442664,-0.12403351,0.99227804,-0.40135866,0.915921,-0.74740916,0.66436404,-0.12933867,-0.99160045,-0.30320442,-0.95292556,-0.1266318,0.9919498,-0.042514842,0.99909586,-0.2788103,0.9603462,-0.23337275,0.9723874,0.18761928,0.9822418,0.088539585,0.99607265,0,1,-0.035691634,0.9993628,0.49972242,0.8661856,0.36244625,0.9320047,0.3624464,0.93200463,0,1
-0.9662351,0.25766197,-0.8889745,0.4579567,-0.4856426,0.8741574,-0.047565673,0.9988681,-0.40416378,0.9146866,-0.6332381,0.7739571,-0.3303495,-0.9438587,-0.23162144,-0.972806,-0.08304543,0.9965458,-0.11290967,0.99360526,-0.19002219,0.9817798,-0.19611613,0.9805807,0.23498857,0.97199816,0.07124741,0.9974587,-0.03569192,0.9993628,0,1,0.5396663,0.841879,0.3162276,0.9486833,0.062378958,0.99805254,0,1
-0.9517085,0.30700323,-0.90424854,0.42700654,-0.49205682,0.8705631,-0.21243075,0.97717613,-0.40135854,0.91592103,-0.692532,0.72138715,-0.5692093,-0.82219267,-0.33282092,-0.94299006,-0.093340516,0.99563426,-0.14430697,0.98953295,-0.36565244,0.93075144,-0.25997362,0.9656157,0.1817066,0.9833528,0.11043124,0.9938838,-0.22485934,0.9743912,-0.19611628,0.9805806,0.50654906,0.8622111,0.26515645,0.9642054,0.05255829,0.9986179,-0.18428774,0.9828723
-0.9205818,0.39054978,-0.8995081,0.43690398,-0.526355,0.8502649,-0.46400726,0.8858314,-0.39643607,0.9180623,-0.6529398,0.7574098,-0.58123714,-0.81373423,-0.3713919,-0.9284762,-0.10360623,0.9946184,-0.23162045,0.9728062,-0.35465395,0.9349976,-0.37139088,0.92847663,0.16608201,0.98611194,0,1,-0.3032037,0.95292574,-0.31622776,0.9486833,0.4515085,0.8922668,0.34570542,0.9383431,-0.2095298,0.9778023,-0.28216574,0.95936567
-0.89923495,0.43746603,-0.88491833,0.4657462,-0.6,0.8,-0.47409952,0.8804713,-0.4095902,0.91226965,-0.7525768,0.6585045,-0.73279417,-0.6804504,-0.2747204,-0.9615241,-0.13216373,0.9912279,-0.27472082,0.961524,-0.45864302,0.8886206,-0.5240972,0.85165846,0.11572219,0.9932816,-0.11684134,0.9931506,-0.3846152,0.923077,-0.46256644,0.88658464,0.3629196,0.93182045,0.2676438,0.9635179,0.066518135,0.9977852,-0.6163083,0.787505
-0.9079594,0.4190581,-0.8895672,0.4568044,-0.63473934,0.77272636,-0.50980294,0.86029124,-0.42342457,0.90593135,-0.7179005,0.6961457,-0.8253072,-0.56468403,-0.5812384,-0.81373334,-0.15205723,0.9883717,-0.29408586,0.955779,-0.4705882,0.88235295,-0.54724973,0.8369694,0.077436596,0.9969973,-0.021271545,0.99977374,-0.47058845,0.8823528,-0.41665444,0.90906495,0.35112345,0.9363292,0.24837518,0.96866393,-0.20952813,0.97780263,-0.7071071,0.7071064
-0.90795934,0.4190583,-0.9301552,0.3671665,-0.548026,0.83646125,-0.5472497,0.83696944,-0.5098023,0.8602916,-0.73593116,0.6770564,-1,0,-0.7739571,-0.6332381,-0.2760713,0.9611372,-0.36765897,0.92996067,-0.5547002,0.8320503,-0.5299983,0.84799874,-0.062378228,0.9980526,-0.17888512,0.98386997,-0.5038714,0.8637787,-0.5087288,0.8609268,0.17437048,0.9846801,0.120331384,0.9927338,-0.36244598,0.9320048,-0.70710725,0.70710635
-0.86690634,0.49847108,-0.9042486,0.42700642,-0.56084836,0.8279185,-0.47409967,0.88047117,-0.49942827,0.86635524,-0.76570475,0.6431922,-0.99122787,0.13216402,-0.9397934,-0.34174305,-0.26141536,0.9652264,-0.358979,0.9333456,-0.5299989,0.8479983,-0.5390537,0.84227145,-0.08054552,0.99675095,-0.15596248,0.987763,-0.39872617,0.91707003,-0.5199469,0.8541986,0.12532003,0.9921164,0.20750418,0.9782341,-0.24253611,0.97014236,-0.70710677,0.70710677
-0.83517087,0.5499906,-0.8682431,0.49613902,-0.5110753,0.85953593,-0.27074566,0.9626509,-0.41636202,0.90919894,-0.71898836,0.6950221,-0.9950372,-0.099503525,0,-1,-0.1546389,0.98797107,-0.18065162,0.98354715,-0.42579696,0.9048187,-0.47222137,0.88148,0.08815112,0.9961071,-0.041630477,0.99913305,-0.42579696,0.9048187,-0.46256614,0.88658476,0.33746132,0.9413394,0.2940859,0.955779,-0.19611596,0.9805807,-0.668965,0.7432939
-0.8630145,0.5051791,-0.93279815,0.36039925,-0.5240973,0.8516584,-0.22485982,0.9743911,-0.41905823,0.90795934,-0.51780254,0.85550016,-0.9676173,-0.2524218,-0.7808688,-0.62469506,-0.13511333,0.9908301,-0.16710821,0.98593855,-0.48564303,0.8741572,-0.5547002,0.8320503,0.099503644,0.9950372,0.018515537,0.9998286,-0.32508004,0.9456865,-0.298275,0.95448,0.35599536,0.9344877,0.38301492,0.9237422,-0.04540766,0.99896854,-0.6689645,0.74329436
-0.83205014,0.55470043,-0.8418793,0.5396658,-0.6139406,0.78935224,-0.29982668,0.9539937,-0.30072004,0.95371246,-0.64894676,0.76083386,-0.9991331,-0.041629903,-0.52999854,-0.84799856,-0.018015008,0.9998377,-0.16685832,0.98598087,-0.49026126,0.87157553,0.4061365,0.9138124,0.21204692,0.97725946,0.04473124,0.99899906,-0.44721383,0.89442706,-0.31622776,0.9486833,0.4544703,0.8907619,0.3713908,0.92847663,0.055469766,0.99846035,-0.70710677,0.70710677
-0.8721429,0.48925123,-0.84928536,0.5279341,-0.61782116,0.78631866,-0.43474934,0.9005515,-0.3328201,0.94299036,-0.72701293,0.6866238,-0.8849182,-0.4657464,-0.40081894,-0.9161573,-0.04848647,0.9988238,-0.16710816,0.98593855,-0.48782167,0.87294334,-0.39760706,0.9175558,0.16439898,0.9863939,0.096324265,0.99535,-0.50387114,0.8637788,-0.5780173,0.81602454,0.40813056,0.9129236,0.35340062,0.9354721,0,1,-0.51897794,0.85478765
-0.8516581,0.52409774,-0.8213701,0.5703955,-0.6484664,0.7612433,-0.4338162,0.9010014,-0.36021656,0.9328687,-0.5894693,0.80779076,-0.8502653,-0.5263544,-0.49026105,-0.87157565,-0.07743655,0.9969973,-0.08588833,0.99630475,-0.4961392,0.868243,-0.54075766,0.8411784,0.15954602,0.9871905,0.08893194,0.9960377,-0.4472139,0.89442706,-0.5547,0.8320504,0.40813053,0.9129236,0.4019901,0.91564405,0,1,-0.54724896,0.83696985
-0.84928524,0.52793425,-0.8389613,0.54419106,-0.6316729,0.775235,-0.42111123,0.907009,-0.31622776,0.9486833,-0.6541519,0.75636315,-0.7848827,-0.61964434,-0.5449887,-0.8384434,-0.04848657,0.9988238,-0.09632421,0.99535,-0.5098024,0.86029154,-0.54626757,0.8376107,0.15596268,0.9877629,0.19274536,0.9812488,-0.4472136,0.8944272,-0.5780173,0.81602454,0.41549444,0.9095957,0.4728178,0.8811602,0.058722224,0.9982744,-0.5472492,0.83696973
-0.7661915,0.6426123,-0.7703945,0.63756746,-0.54724896,0.83696985,-0.6368814,0.7709618,-0.19222356,0.98135114,-0.7880245,0.6156439,-0.9600001,-0.27999967,-0.74983764,-0.66162187,0.062378224,0.9980526,0,1,-0.3328202,0.9429903,-0.1757906,0.9844276,0.30320358,0.9529258,0.20395422,0.9789804,-0.034462135,0.999406,-0.1279714,0.99177784,0.53838927,0.8426963,0.5486562,0.83604807,0.21242997,0.9771763,-0.041630782,0.99913305
-0.7661915,0.64261234,-0.7489965,0.66257393,-0.66062766,0.7507137,-0.80873597,0.58817184,-0.22788435,0.9736882,-0.857493,0.5144957,-0.98837173,-0.15205696,-0.92554677,-0.37863326,0.04343737,0.99905616,-0.062378608,0.99805254,-0.29827467,0.95448005,-0.26592925,0.96399254,0.28840613,0.9575082,0.20810778,0.9781059,-0.06651888,0.99778515,-0.066518925,0.99778515,0.54892886,0.8358691,0.5432515,0.83957,0.27472106,0.96152395,-0.12403493,0.99227786
-0.71984434,0.6941355,-0.79360604,0.608432,-0.64018476,0.76822096,-0.8087362,0.58817154,-0.19222344,0.9813512,-0.8944274,0.44721308,-0.955779,-0.29408574,-0.9670745,-0.25449336,0.06237835,0.9980526,-0.03996821,0.99920094,-0.44721383,0.89442706,-0.15205713,0.98837173,0.31965056,0.9475355,0.19960429,0.9798766,-0.11043129,0.9938838,-0.18208934,0.98328197,0.56333673,0.82622737,0.55470014,0.8320503,0.27472147,0.96152383,-0.242536,0.9701424
-0.7854916,0.61887234,-0.81550723,0.5787469,-0.7233552,0.6904761,0,1,-0.18807231,0.9821552,-0.6218822,0.7831108,-0.87250596,-0.48860347,-0.3713912,-0.92847645,0.08570486,0.99632055,-0.07974491,0.9968153,-0.37637714,0.9264665,-0.24253547,0.97014254,0.2989295,0.9542752,0.23786856,0.9712973,-0.15923245,0.9872411,-0.21693023,0.9761871,0.56710154,0.82364786,0.53399295,0.8454889,0.22903912,0.9734172,-0.21693039,0.97618705
-0.8203982,0.5717926,-0.72138745,0.6925317,-0.65850455,0.75257677,-0.9417418,0.33633655,-0.2603625,0.96551096,-0.8998141,0.43627343,-0.92307687,-0.38461548,-0.9486834,-0.31622747,0,1,-0.11043172,0.9938837,-0.3905498,0.9205818,-0.25997344,0.96561575,0.2538981,0.967231,0.17715292,0.9841833,-0.16990696,0.9854601,-0.13216355,0.9912279,0.5299989,0.8479983,0.576683,0.816968,0,1,-0.12933892,0.99160045
-0.8320503,0.5547002,-0.8120155,0.5836359,-0.6904757,0.7233556,-0.31622776,0.9486833,-0.24253562,0.9701425,-0.7302713,0.6831573,-0.808736,-0.5881718,-0.33282018,-0.9429903,0.010203584,0.99994797,-0.019604137,0.99980783,-0.41380307,0.9103664,-0.09950339,0.9950372,0.21693052,0.97618705,0.21903817,0.9757163,-0.13216351,0.9912279,-0.034462396,0.999406,0.47479033,0.88009894,0.5836359,0.8120155,0.049937814,0.99875236,-0.25242174,0.96761733
-0.7556889,0.6549307,-0.8087362,0.5881715,-0.66679484,0.74524134,-0.1351129,0.9908302,-0.21465698,0.9766895,-0.67828006,0.73480344,-0.8741574,-0.4856426,-0.5144956,-0.85749304,0.054862447,0.9984939,-0.020404119,0.9997918,-0.27074546,0.96265095,-0.2026058,0.9792604,0.2995382,0.95408434,0.16779906,0.98582125,-0.20260519,0.9792605,0,1,0.51958066,0.85442144,0.5486565,0.8360479,0.055469558,0.99846035,-0.29116136,0.956674
-0.66162115,0.7498383,-0.6426124,0.7661914,-0.72198856,0.69190496,-0.34174246,0.93979365,-0.12403464,0.99227786,-0.62775254,0.778413,-0.87056303,-0.4920569,-0.70710677,-0.70710677,0.092386775,0.9957232,0.12403473,0.99227786,-0.3417432,0.93979335,-0.096324086,0.99535,0.2761798,0.961106,0.3387195,0.9408874,-0.09334061,0.99563426,-0.06438202,0.99792534,0.4948386,0.86898494,0.58363605,0.81201535,0.09480916,0.99549544,-0.25096205,0.96799695
-0.66303545,0.748588,-0.63756746,0.7703945,-0.5328134,0.8462328,-0.23337281,0.9723873,-0.08054559,0.99675095,-0.6770564,0.73593116,-1,0,-0.8320503,-0.5547002,0.14980534,0.9887155,0.061110195,0.99813104,-0.21369715,0.9769,-0.09632377,0.99535006,0.33173537,0.9433725,0.2873478,0.9578263,-0.09950398,0.99503714,0.07124745,0.9974587,0.52900785,0.84861696,0.56030965,0.82828325,0,1,-0.24253581,0.9701424
-0.6737539,0.7389558,-0.65850455,0.75257677,-0.6050834,0.79616207,-0.2911616,0.95667386,-0.085401185,0.99634665,-0.6484664,0.7612433,-0.9743911,-0.22485983,-0.75925666,-0.6507913,0.101513654,0.9948341,0.18065158,0.98354715,-0.26090887,0.96536344,-0.1900222,0.9817798,0.2804141,0.9598791,0.3338471,0.94262725,-0.18428817,0.98287225,-0.031235117,0.9995121,0.42756122,0.9039864,0.6156439,0.7880245,0.17888533,0.9838699,-0.3047754,0.9524243
-0.78802407,0.6156444,-0.6936418,0.7203201,-0.53281325,0.84623283,0,1,-0.15596256,0.987763,-0.6931088,0.720833,-0.9734172,-0.22903915,-0.5692102,-0.8221921,0.12403473,0.99227786,-0.09757121,0.9952285,-0.21369722,0.9768999,-0.034462065,0.999406,0.32893205,0.9443536,0.1842886,0.9828722,-0.066518575,0.9977852,0,1,0.54981065,0.8352893,0.5299988,0.8479984,0,1,-0.12933914,0.9916004
-0.8354169,0.54961675,-0.8395702,0.54325116,-0.48564303,0.8741572,0.30477583,0.9524241,-0.37637714,0.9264665,-0.62139475,0.78349763,-0.6726724,-0.7399404,-0.3162284,-0.9486831,-0.13864803,0.9903417,-0.11248863,0.993653,-0.22722992,0.97384113,-0.14654861,0.98920345,0.10360588,0.9946184,0.08479981,0.99639803,-0.096323855,0.99535006,-0.037012037,0.99931484,0.3603991,0.9327982,0.4362736,0.89981407,0.09480905,0.9954955,-0.09950372,0.9950372
-0.77523494,0.63167304,-0.8551976,0.518302,-0.5038713,0.8637787,0.5199474,0.8541983,-0.36786428,0.9298795,-0.61782146,0.7863184,0,-1,0.049937196,-0.99875236,-0.11043151,0.9938837,-0.1549679,0.9879195,-0.26592866,0.9639927,-0.08304554,0.99654573,0.13150111,0.991316,0.04646143,0.9989201,-0.068802156,0.9976303,0,1,0.40135863,0.915921,0.362446,0.93200475,0.10468494,0.99450547,-0.11684131,0.9931506
-0.768221,0.64018476,-0.82404184,0.566529,-0.50980264,0.8602914,0.3417436,0.9397932,-0.27338356,0.9619051,-0.3571371,0.934052,-0.7954317,-0.6060433,-0.12403488,-0.99227786,0.02019792,0.999796,-0.054464385,0.9985157,-0.2202609,0.975441,-0.19611673,0.98058057,0.2692457,0.9630715,0.15496798,0.9879195,-0.07387177,0.9972677,-0.06880221,0.9976303,0.5206074,0.8537962,0.4257968,0.90481883,0.19611631,0.9805806,-0.052558914,0.9986178
-0.84799826,0.52999896,-0.8598548,0.5105386,-0.5390539,0.84227127,-0.16439804,0.9863941,-0.37729684,0.9260924,-0.7961624,0.6050829,-0.9899496,-0.14142065,-0.70710605,-0.7071075,-0.15539268,0.98785275,-0.25242192,0.9676173,-0.48860314,0.87250614,-0.30477598,0.95242405,0.07840939,0.99692124,-0.047564868,0.99886817,-0.33871984,0.9408873,-0.27472124,0.9615239,0.2989295,0.9542752,0.36652467,0.93040836,-0.062378425,0.9980526,-0.316228,0.9486832
-0.82137036,0.5703952,-0.83205014,0.55470043,-0.6757245,0.73715425,-0.13511337,0.9908301,-0.26561376,0.9640795,-0.6218821,0.78311086,-0.77395725,-0.63323784,-0.40613866,-0.91381145,0.029689923,0.99955916,-0.117817774,0.99303526,-0.4008191,0.91615725,-0.09632434,0.99535,0.26658612,0.9638111,0.11982022,0.9927956,-0.13663733,0.99062115,-0.18208978,0.9832819,0.5031908,0.8641753,0.52145,0.85328186,0.17888552,0.9838699,-0.20395389,0.9789805
-0.8213697,0.5703962,-0.808736,0.5881718,-0.7071071,0.7071064,-0.33633658,0.9417418,-0.21133263,0.9774142,-0.672673,0.7399399,-0.75682276,-0.6536201,-0.22162114,-0.9751328,0.062378287,0.9980526,-0.07253557,0.99736583,-0.30908585,0.9510341,-0.2676441,0.96351784,0.29078835,0.9567874,0.23337306,0.97238725,-0.08081604,0.996729,-0.20601067,0.9785497,0.5522931,0.83365,0.5869675,0.8096105,0.043437164,0.99905616,-0.18884748,0.98200643
-0.8426964,0.538389,-0.81373334,0.5812384,-0.7772445,0.6291987,-0.16439934,0.98639387,-0.27074564,0.96265095,-0.7182404,0.69579506,-0.68662363,-0.72701305,-0.34174293,-0.93979347,-0.010525682,0.9999446,-0.06764133,0.9977097,-0.35112354,0.9363291,-0.2124294,0.9771764,0.23464052,0.9720822,0.1389886,0.990294,-0.24253595,0.9701424,-0.14654863,0.98920345,0.52145,0.85328186,0.49847105,0.86690634,0.04540746,0.99896854,-0.3417428,0.9397935
-0.7949513,0.6066732,-0.7943577,0.60745025,-0.67705643,0.73593116,-0.2840885,0.95879805,-0.13632996,0.99066347,-0.64764833,0.7619394,-0.8137336,-0.58123803,-0.4472132,-0.89442736,0.11798195,0.99301577,0.029837597,0.99955475,-0.26311773,0.96476376,0.9736882,0.22788435,0.36597583,0.93062437,0.28301746,0.95911473,-0.090535805,0.9958932,-0.11821267,0.9929883,0.63801783,0.77002156,0.622244,0.7828234,0.1414215,0.98994946,-0.21693079,0.976187
-0.74629533,0.66561496,-0.748588,0.6630354,-0.6097109,0.7926239,-0.08304488,0.9965458,-0.12513466,0.99213976,-0.6031082,0.79765934,-0.82692677,-0.5623096,-0.5299986,-0.8479985,0.15205716,0.98837173,0.07124721,0.9974587,-0.2780584,0.9605642,-0.17888406,0.98387015,0.36626488,0.93051064,0.31130797,0.9503091,-0.1210544,0.99264586,0.18428902,0.98287207,0.6050833,0.7961622,0.6782801,0.73480344,0.20601028,0.97854984,-0.26592898,0.9639926
