-0.63323766,0.77395743,-0.39391953,0.9191449,0.50571984,0.8626978,0.92219394,0.38672766,-0.22282478,0.9748585,-0.15044238,0.9886188,0.20260634,0.97926027,0.02630657,0.99965394,0.058722008,0.9982744,0.28408858,0.95879805,0.03996789,-0.99920094,-0.34570488,-0.9383433,0.34893736,0.93714607,0.6726729,0.7399399,-0.44721392,-0.894427,-0.3807491,-0.9246784,0.59051,0.8070303,0.9486837,0.31622666,-0.52999896,-0.8479983,-0.47410035,-0.8804708
-0.57801723,0.81602454,-0.43627408,0.89981383,0.5472491,0.8369698,0.857493,0.5144956,-0.20507082,0.9787471,-0.13216372,0.9912279,0.09950372,0.9950372,0.20344628,-0.9790861,0.078191206,0.9969384,0.20952936,0.97780234,0,-1,0.09950282,-0.99503726,0.34174308,0.9397934,0.5339931,0.8454888,-0.28000015,-0.96,-0.3713902,-0.92847687,0.7404554,0.67210555,0,1,-0.42808694,-0.90373755,-0.13216327,-0.991228
-0.9743911,0.2248598,-0.6782806,0.73480296,0.32711074,0.94498605,0.8479982,0.5299991,-0.42579708,0.9048187,-0.019227091,0.99981517,0.03996779,0.99920094,0,-1,-0.10408264,0.99456865,0.1579904,0.98744065,-0.15923281,-0.9872411,-0.0948086,-0.9954955,0.30050597,0.95377994,-0.07124761,0.99745864,-0.4228856,-0.90618306,0.35112402,-0.93632895,0.70710677,0.70710677,-0.38461635,0.9230765,-0.5780177,-0.81602424,0.3939207,-0.91914445
-0.9946917,0.10289971,-0.74456936,0.6675451,0.3976077,0.9175555,0.87294334,0.48782158,-0.47222134,0.88148,0,1,0.07387122,0.9972678,0.047565136,-0.99886817,-0.1682963,0.9857364,0.2576624,0.96623504,-0.19611628,-0.9805806,-0.102899015,-0.9946918,0.25188237,0.9677579,0.062377755,0.9980526,-0.34425446,-0.9388764,-0.267644,-0.9635179,0.71407294,0.7000713,-0.13216376,0.99122787,-0.60000026,-0.79999983,-0.49613923,-0.868243
-0.99388367,0.11043206,-0.6925319,0.72138727,0.31622776,0.9486833,0.8360478,0.5486566,-0.430341,0.9026664,-0.02040386,0.9997918,0.038433023,0.9992612,-0.049937505,0.99875236,-0.16632526,0.98607093,0.3896401,0.9209672,-0.22026043,-0.9754411,-0.16439977,-0.9863938,0.26962978,0.96296406,0.14142169,0.98994946,-0.4594229,-0.8882176,-0.124035746,-0.99227774,0.6166617,0.7872282,0.24253562,0.9701425,-0.57801765,-0.8160243,-0.47885206,-0.8778956
-0.9916004,0.12933943,-0.6912226,0.7226419,0.24253531,0.9701426,-0.5665291,0.8240417,-0.3757052,0.9267392,-0.20600963,0.97854996,0.9701422,-0.24253689,0.3511243,-0.9363289,-0.19002183,0.9817799,0.28334624,0.9590177,-0.13216391,-0.99122787,-0.096324466,-0.99535,0.28603545,0.95821905,0.46788776,0.8837879,-0.35897893,-0.9333457,-0.06651921,-0.99778515,0.6401843,0.7682214,0.8944267,0.44721457,-0.49205735,-0.8705628,-0.16439898,-0.9863939
-0.9771764,0.21242945,-0.8232126,0.5677332,0.4920579,0.8705625,0.80640465,0.59136415,-0.387039,0.92206335,0.063700095,0.9979691,0.03701163,0.99931484,-0.0475651,0.99886817,-0.011627362,0.9999324,0,1,-0.17888533,-0.9838699,-0.090535566,-0.99589324,0.32711047,0.9449861,-0.4472136,0.8944272,-0.48564288,-0.8741573,-0.09950372,-0.9950372,0.6216576,0.78328913,-0.70710677,-0.70710677,-0.4613524,-0.887217,0.27472112,-0.96152395
-0.9771766,0.21242851,-0.85165775,0.52409834,0.4886035,0.87250596,0.84227145,0.5390537,-0.3995855,0.91669595,0.024383042,0.9997027,0.035691608,0.9993628,-0.025632663,-0.9996714,-0.051214624,0.9986877,0.062378366,0.9980526,-0.234641,-0.9720821,-0.19611497,-0.9805809,0.29982674,0.9539937,0,0,-0.60000026,-0.7999998,0,-1,0.6263912,0.7795089,-0.70710677,-0.70710677,-0.110431775,-0.9938837,-0.49613798,-0.8682437
-1,0,-0.8411784,0.5407577,0.3473144,0.93774873,0.8320505,0.5546999,-0.47709188,0.87885344,0.038433265,0.99926114,0.07974468,0.9968153,0,1,-0.17134123,0.98521173,0.21693063,0.97618705,-0.22026071,-0.97544104,-0.11043101,-0.9938838,0.28216648,0.9593655,-0.19612014,0.98057985,-0.4762836,-0.8792917,-0.16439898,-0.9863939,0.61964434,0.7848827,-0.70710677,0.70710677,-0.4788526,-0.8778953,-0.5881713,-0.8087364
-0.9771762,0.21243058,-0.83604777,0.54865664,0.47222176,0.8814798,0.8700221,0.49301267,-0.4112888,0.9115051,0.03843322,0.9992612,0.11462388,0.993409,-0.12403462,0.9922779,-0.08112707,0.99670374,0.16439898,0.9863939,-0.22903916,-0.9734172,-0.14142136,-0.98994946,0.27953312,0.96013606,-0.5547016,0.83204937,-0.42111096,-0.9070091,0,-1,0.5960998,0.8029104,-0.799996,-0.6000053,-0.41665527,-0.90906453,0,-1
-0.9486834,0.31622753,-0.78404576,0.62070304,0.4762831,0.879292,0.8661855,0.49972266,-0.38963985,0.92096734,0.022216728,0.9997532,0.071246944,0.9974587,0.09632413,0.99535,-0.024382968,0.9997027,0.058722023,0.9982744,-0.24987802,-0.96827734,-0.099503316,-0.99503726,0.30050603,0.95377994,0,1,-0.5299983,-0.84799874,-0.14142136,-0.98994946,0.6020922,0.79842657,0,0,-0.38805705,-0.9216353,-0.5368748,-0.84366196
-0.99549544,0.09480919,-0.8035576,0.595227,0.35897908,0.9333456,0.823213,0.5677327,-0.43273115,0.901523,0.07974487,0.9968153,0.07669663,0.99705446,0,1,-0.12236142,0.9924856,0.21693063,0.97618705,-0.09334084,-0.9956342,-0.14142178,-0.9899494,0.2747209,0.961524,0.4472136,0.8944272,-0.61394,-0.78935266,0,-1,0.602092,0.7984267,0,-1,-0.4280863,-0.90373784,0.9284764,0.37139136
-0.99227786,0.12403463,-0.82219225,0.5692099,0.3473143,0.9377488,0.8192319,0.57346237,-0.4374658,0.89923507,0.058721974,0.9982744,0.041630212,0.9991331,0,1,-0.122361146,0.99248564,0.1465484,0.9892035,-0.12403441,-0.9922779,-0.08304665,-0.9965457,0.30429557,0.95257765,-0.16439785,0.9863941,-0.4740996,-0.8804712,-0.14142199,-0.9899494,0.61033803,0.7921411,-0.9486823,-0.3162308,-0.46256557,-0.88658506,-0.2940858,-0.955779
-0.9524242,0.30477554,-0.8279185,0.56084836,0.37729725,0.9260922,0.84481883,0.5350525,-0.42993367,0.90286046,0,1,0.11462426,0.9934089,-0.03747371,-0.9992976,-0.17994098,0.9836774,0.2840885,0.95879805,-0.21693033,-0.9761871,-0.22486033,-0.974391,0.19850138,0.98010063,0.14142348,0.98994917,-0.49613914,-0.86824304,0,-1,0.51634663,0.8563797,-0.24253562,-0.9701425,-0.40613866,-0.91381145,0,-1
-0.95667344,0.29116312,-0.75460553,0.65617865,0.5199472,0.85419846,0.851658,0.524098,-0.33633634,0.94174194,-0.21693064,0.976187,-0.073871225,0.9972678,-0.17579092,0.9844275,0.011764059,0.9999308,0,1,-0.21693064,-0.976187,-0.21693009,-0.97618717,0.3234055,0.94626045,-0.31622976,-0.9486826,-0.4472136,-0.8944272,-0.066518635,-0.9977852,0.6200544,0.7845588,0,-1,-0.39872673,-0.9170698,-0.351124,-0.93632895
-0.9987524,-0.049936607,-0.86029196,0.5098017,0.28408852,0.95879805,0.8320505,0.5546999,-0.43232933,0.90171576,-0.1713414,0.98521173,-0.15799077,0.9874406,-0.07669656,0.99705446,-0.051214807,0.9986877,0.110431656,0.9938837,-0.20750447,-0.97823405,-0.13216391,-0.99122787,0.28734794,0.95782626,0.70710176,0.70711184,-0.4997219,-0.8661859,-0.15205742,-0.9883717,0.62639093,0.77950907,0.70709544,-0.7071181,-0.43145514,-0.9021344,0.49613908,-0.86824304
-0.9874407,0.15799017,-0.8448192,0.5350519,0.54626805,0.8376104,0.7863182,0.6178218,-0.43381587,0.9010016,-0.18589148,0.9825703,-0.076696314,0.9970545,-0.1543769,0.988012,-0.08304544,0.99654573,0,1,-0.12797178,-0.99177784,-0.19611573,-0.98058075,0.26311758,0.96476376,-0.4472136,0.8944272,-0.4472136,-0.8944272,-0.06651817,-0.9977852,0.5637437,0.8259498,-0.5547036,-0.83204806,-0.4472133,-0.89442736,-0.35112235,-0.9363296
-0.9970545,0.07669599,-0.80994207,0.5865099,0.4886031,0.87250614,0.80355716,0.5952276,-0.4472136,0.8944272,-0.19151019,0.9814906,-0.25997356,0.96561575,-0.08662998,0.99624056,-0.10529383,0.99444115,0.06652005,0.9977851,-0.17378548,-0.98478353,-0.24253684,-0.9701422,0.24542184,0.9694164,-1,0,-0.40273827,-0.9153152,-0.25766256,-0.966235,0.5427153,0.8399167,0,-1,-0.44721326,-0.89442736,0.99388385,-0.11043075
-1,0,-0.84623265,0.5328136,0.4472136,0.8944272,0.8073912,0.5900165,-0.41665474,0.9090648,-0.22903943,0.97341716,-0.25096175,0.967997,-0.18208937,0.98328197,-0.012657116,0.9999199,-0.06651994,0.9977851,-0.16896369,-0.9856223,-0.26311773,-0.96476376,0.2836286,0.9589342,0.51449364,0.8574942,-0.40613794,-0.9138118,-0.44721508,-0.89442647,0.60209215,0.7984266,0.19611377,-0.98058116,-0.12933902,-0.99160045,-0.55469954,-0.83205074
-0.97014236,0.24253623,-0.8547877,0.5189779,0.4327307,0.90152323,0.819232,0.57346225,-0.41380295,0.9103665,-0.20486328,0.9787906,-0.32851988,0.94449705,-0.2509627,0.9679968,-0.11462415,0.9934089,0.17888577,0.98386985,-0.14142178,-0.9899494,-0.11043178,-0.9938837,0.2513982,0.96788377,0.3511251,0.9363286,-0.3344097,-0.9424278,-0.2982757,-0.95447975,0.5665288,0.8240419,0.4472136,-0.8944272,-0.15205728,-0.9883717,0.80000126,0.5999983
-0.9723873,0.23337302,-0.807391,0.5900168,0.3987268,0.9170698,0.8700218,0.49301317,-0.4426676,0.8966858,-0.23046635,0.9730803,-0.3285203,0.9444969,-0.1842885,0.9828722,-0.11179473,0.9937313,0.05872288,0.9982743,-0.09632415,-0.99535,0.11043077,-0.99388385,0.22105911,0.97526044,0.51449364,0.8574942,-0.43273088,-0.9015232,-0.071246415,-0.99745876,0.53942704,0.8420323,-0.24253562,-0.9701425,-0.3559956,-0.93448764,0.7808682,-0.62469584
-0.97439104,0.22486027,-0.8120157,0.5836356,0.5547,0.83205044,0.8137331,0.58123875,-0.46000463,0.8879165,-0.23046665,0.9730802,-0.36439958,0.9312427,-0.20952894,0.97780246,-0.124034554,0.9922779,0,1,-0.14549421,-0.9893591,-0.2676441,-0.96351784,0.20540151,0.9786778,0.16440013,0.98639375,-0.43556082,-0.9001593,-0.2676441,-0.96351784,0.52409744,0.85165834,-0.707103,-0.7071106,-0.5098019,-0.8602918,0.4472136,-0.8944272
-0.96761733,0.25242162,-0.79999983,0.6000002,0.39872578,0.9170702,0.8768126,0.48083234,-0.42414016,0.90559655,-0.30908626,0.951034,-0.32852054,0.9444968,-0.24253562,0.9701425,-0.122526646,0.9924652,0,1,-0.033315297,-0.9994449,0,-1,0.22105893,0.97526044,0.3162271,0.9486835,-0.42288515,-0.9061833,0,-1,0.5787471,0.8155071,-0.7071012,0.7071124,-0.42993334,-0.90286064,-0.09950496,-0.9950371
-0.98639405,0.16439812,-0.8137334,0.5812383,0.43273115,0.901523,0.84117824,0.540758,-0.46527874,0.8851642,-0.25335944,0.96737224,-0.35112298,0.93632936,-0.3624467,0.9320045,-0.0915677,0.9957988,0,1,-0.13391761,-0.9909925,-0.21693058,-0.97618705,0.21951231,0.9756097,0.70709914,0.7071144,-0.41380268,-0.9103666,-0.062377952,-0.9980526,0.56056654,0.8281094,-0.31622776,-0.9486833,-0.46135297,-0.8872167,-0.08304489,-0.9965458
-0.9701423,0.24253644,-0.77039444,0.6375676,0.5299992,0.84799814,0.85478765,0.5189779,-0.4071593,0.91335714,-0.2780577,0.9605644,-0.44721392,0.89442706,-0.2599731,0.96561587,-0.08020042,0.9967788,0,1,-0.090536095,-0.9958932,-0.23162018,-0.9728063,0.23971434,0.9708435,0.31622675,0.9486836,-0.37637636,-0.9264669,-0.27472126,-0.9615239,0.5462677,0.83761066,-0.4472098,-0.8944291,-0.4103647,-0.9119215,-0.29408607,-0.95577896
-0.99896854,-0.045407034,-0.84029675,0.5421268,0.47628275,0.8792922,0.84963995,0.52736324,-0.4424241,0.89680594,-0.24253538,0.97014254,-0.23337308,0.97238725,-0.14980526,0.9887155,-0.073871456,0.9972678,-0.13216466,0.99122775,-0.08304558,-0.99654573,0,-1,0.2968051,0.95493805,-0.89442915,0.44720972,-0.42443419,-0.9054588,0.11043231,-0.99388367,0.62307703,0.78216046,-0.70711255,-0.70710105,-0.47628275,-0.8792922,0,-1
-0.94449675,0.32852075,-0.80000013,0.5999998,0.4625665,0.8865846,0.8411786,0.5407574,-0.42472044,0.9053246,-0.20486307,0.97879064,-0.15799056,0.98744065,-0.110431194,0.9938838,-0.0937036,0.99560016,0,1,-0.09334102,-0.9956342,0,-1,0.21037409,0.97762096,0.7071104,0.70710313,-0.4472136,-0.8944272,0.090535074,-0.99589324,0.5126098,0.85862166,0.31622678,-0.9486836,-0.1788856,-0.9838699,0.7071104,0.70710313
-0.9962407,0.08662846,-0.84227127,0.5390539,0.44721293,0.89442754,0.80000013,0.5999998,-0.42700657,0.90424854,-0.15370677,0.9881165,-0.20395416,0.9789804,-0.03331508,0.9994449,-0.09417437,0.9955557,0.20601118,0.97854966,-0.1543768,-0.9880121,-0.1961177,-0.9805804,0.25589252,0.96670526,0.7808694,0.6246943,-0.5038715,-0.86377865,-0.076695405,-0.9970546,0.6043865,0.79669124,0,-1,-0.16439898,-0.9863939,-0.39391896,-0.91914517
-0.98478365,0.17378499,-0.85749286,0.51449585,0.49205714,0.8705629,0.8221928,0.56920916,-0.39114073,0.9203309,-0.13819622,0.99040484,-0.039968237,0.99920094,-0.12797128,0.9917779,-0.024992323,0.9996877,-0.1321629,0.991228,-0.08789424,-0.9961298,-0.65078986,-0.7592579,0.31232098,0.9499766,0,-1,-0.7327936,-0.680451,0.3417432,-0.93979335,0.6148656,0.7886319,0.4472211,-0.8944234,-0.2316207,-0.97280616,0.8682444,0.4961367
-0.8613662,0.50798446,-0.8279185,0.5608484,0.43145546,0.90213424,0.8279185,0.5608484,-0.48419985,0.87495744,-0.047564767,0.99886817,0,1,0.051214594,-0.9986877,-0.27215275,0.96225405,0.19611654,0.98058057,-0.12403505,-0.99227786,-0.30320334,-0.95292586,-0.032591462,0.99946874,0.7808688,0.62469506,-0.49026135,-0.8715755,0.9805805,-0.19611692,0.2505669,0.9680993,0.19611613,-0.9805807,-0.083045624,-0.99654573,-0.12403345,0.99227804
-0.9383434,0.3457046,-0.8448188,0.5350526,0.46135297,0.8872167,0.80994195,0.58651006,-0.3713909,0.9284766,-0.04540744,0.99896854,0,1,0.012819404,-0.9999178,-0.045407705,0.99896854,0.1842876,0.98287237,-0.18428846,-0.9828722,0,-1,0.262109,0.9650383,1,0,-0.46256626,-0.8865847,-0.11043127,-0.9938838,0.57428217,0.8186574,-0.37139103,-0.9284766,-0.18884757,-0.98200643,0.4472136,0.8944272
-1,0,-0.8574932,0.5144953,0.45942333,0.88821745,0.862698,0.5057194,-0.34460378,0.93874824,-0.08479985,0.99639803,0.03996762,0.999201,0.04540767,-0.99896854,0.012047191,0.9999274,0.071247935,0.99745864,-0.29000747,-0.9570244,0.04343681,-0.99905616,0.36528778,0.9308946,-0.31622672,-0.9486836,-0.39054996,-0.92058176,-0.16440132,-0.9863935,0.6576577,0.7533169,0,-1,-0.19611631,-0.9805806,0.44721457,0.8944267
-0.99549544,0.09480928,-0.77794105,0.62833726,0.41665465,0.9090648,0.8626979,0.50571966,-0.3734669,0.9276435,-0.08853953,0.99607265,0.14479905,-0.98946106,-0.4472136,-0.8944272,0,1,-0.062378448,0.9980526,-0.14142169,-0.98994946,-0.28734753,-0.9578264,0.31622767,0.9486833,-0.8944272,-0.4472136,-0.37637737,-0.92646646,0.11043153,-0.9938837,0.581238,0.81373364,-0.19611613,-0.9805807,-0.043437302,-0.99905616,0.81373304,0.58123875
-0.9701425,0.24253562,-0.8279189,0.5608478,0.43145564,0.9021342,0.8462331,0.53281283,-0.42905676,0.9032775,-0.021734258,0.9997638,0.038433578,0.99926114,0.012819351,-0.9999178,-0.06880198,0.99763036,0.090535074,0.99589324,-0.20750423,-0.9782341,-0.30113086,-0.9535828,0.22836946,0.9735745,-0.14142054,-0.9899496,-0.48307753,-0.87557757,0.7808682,-0.62469584,0.5240976,0.8516582,0,-1,-0.29408613,-0.9557789,0.7525777,0.6585035
-0.9988681,0.047565628,-0.8626979,0.5057196,0.51449585,0.85749286,0.85478735,0.51897836,-0.40273857,0.91531503,-0.023249757,0.9997297,0.038433496,0.99926114,-0.025965251,-0.9996628,0,1,0.06651976,0.9977851,-0.25449368,-0.96707445,-0.2169307,-0.976187,0.31232113,0.94997656,-0.19611773,-0.98058033,-0.49972242,-0.8661856,-0.14142115,-0.9899495,0.61486566,0.7886319,0,-1,-0.30113092,-0.9535828,0.9701419,-0.24253803
-0.97185004,0.23560028,-0.8364609,0.5480266,0.39872614,0.91707003,0.875578,0.48307684,-0.51780254,0.85550016,0.19611454,0.980581,0.52999955,-0.8479979,-0.7808685,0.6246955,-0.23383829,0.9722755,0.24253514,0.9701426,0,-1,-0.8221923,0.56920975,-0.0702487,0.9975295,0.97780246,0.2095289,-0.55469984,-0.83205056,0.96,0.28000015,0.32507974,0.94568664,-0.4961381,0.86824363,0.33035052,-0.9438583,0.1293391,0.9916004
-0.9928768,0.119145155,-0.7633862,0.6459424,0.43145594,0.902134,0.85478723,0.51897854,-0.40939182,0.91235864,0.09480937,0.99549544,0.23337284,0.9723873,0.10653307,0.9943092,-0.035272133,0.9993777,-0.076696016,0.9970545,-0.21369724,-0.9768999,-0.12933902,-0.99160045,0.26963004,0.962964,0.4472136,0.8944272,-0.47222123,-0.88148004,-0.07124789,-0.99745864,0.56084824,0.8279186,0.4472062,-0.8944309,-0.3939193,-0.91914505,-0.4190584,-0.9079593
-0.96152395,0.27472112,-0.80640507,0.59136355,0.4190579,0.9079595,0.8320499,0.5547008,-0.47344303,0.88082445,0.12403473,0.99227786,0.2509624,0.96799684,0.16990663,0.98546016,-0.21558739,0.97648454,0.27880982,0.96034634,-0.21693046,-0.97618705,-0.090534724,-0.9958933,0.13216397,0.99122787,0.4472136,0.8944272,-0.48860353,-0.8725059,-0.13216363,-0.9912279,0.47794694,0.8783887,0,0,-0.39872596,-0.91707015,0,-1
-0.9874408,0.1579894,-0.7779408,0.62833756,0.3713911,0.9284765,0.8411787,0.54075724,-0.46623915,0.88465875,0.1677995,0.9858211,0.25096238,0.96799684,0.15437675,0.9880121,-0.18834846,0.9821023,0.32711083,0.944986,-0.17888527,-0.98386997,0,-1,0.21983905,0.97553617,0.48564467,0.8741563,-0.43381557,-0.9010017,-0.083045766,-0.99654573,0.56374353,0.8259499,0,0,-0.37863234,-0.9255472,0.6401855,-0.7682204
-0.9486832,0.31622803,-0.77523494,0.63167304,0.4613526,0.88721687,0.8462327,0.5328135,-0.39256498,0.9197243,0.108059056,0.9941445,0.31622803,0.9486832,0.1520573,0.9883717,-0.11319179,0.9935731,0.20260581,0.9792604,-0.21693058,-0.97618705,-0.17378484,-0.98478365,0.27146024,0.96244967,0.110430494,0.99388385,-0.42111102,-0.9070091,-0.1842879,-0.9828723,0.5547003,0.8320502,0,-1,-0.21242955,-0.97717637,-0.14142114,-0.9899495
-1,0,-0.8647892,0.5021351,0.41665423,0.90906507,0.81373394,0.58123755,-0.4920574,0.87056273,0.16113205,0.9869329,0.2840882,0.95879817,0.076696984,0.99705446,-0.18514834,0.9827106,0.29408526,0.9557792,-0.2490406,-0.96849304,-0.16439898,-0.9863939,0.25589252,0.96670526,0.19611928,0.98058003,-0.5390536,-0.84227145,-0.06651873,-0.99778515,0.5931992,0.80505574,1,0,-0.3846156,-0.9230768,-0.12403473,-0.99227786
-0.98837173,0.15205683,-0.82219213,0.56921005,0.3846156,0.9230768,0.8178067,0.575493,-0.4472136,0.8944272,0.10805906,0.9941445,0.26962978,0.96296406,0.27472103,0.96152395,-0.16439907,0.9863939,0.30477586,0.9524241,-0.21369666,-0.97690004,-0.26311755,-0.96476376,0.21847217,0.9758432,0.27472413,0.9615231,-0.37729692,-0.9260923,-0.07669722,-0.99705446,0.5611583,0.8277085,-0.70710313,-0.7071104,-0.21693075,-0.976187,-0.341743,-0.93979347
-0.9874407,0.15798992,-0.8137336,0.5812381,0.46135253,0.8872169,0.84623283,0.5328133,-0.413803,0.9103664,0.1266318,0.9919498,-0.20750429,-0.9782341,-0.06237878,-0.99805254,-0.16220655,0.9867568,0.30477518,0.95242435,-0.29827505,-0.95447993,0,-1,0.20165308,0.979457,0.5999993,0.8000005,-0.47628334,-0.87929183,-0.083046064,-0.99654573,0.57346225,0.819232,1,0,-0.21242966,-0.97717637,0.9805796,-0.19612132
-0.97898054,0.20395355,-0.8137332,0.5812385,0.47628355,0.8792918,0.83696926,0.5472499,-0.43273106,0.90152305,0.14731108,0.9890902,0.27472124,0.96152395,0.19002183,0.9817799,-0.16220675,0.9867568,0.37139094,0.9284766,-0.24253562,-0.9701425,0,-1,0.2585092,0.9660088,0.4472136,0.8944272,-0.48860335,-0.872506,-0.09950331,-0.99503726,0.6020922,0.79842657,-0.31622875,-0.94868296,-0.17134099,-0.9852118,-0.19611575,-0.98058075
-0.9899497,0.14141995,-0.8192317,0.5734627,0.47409996,0.88047105,0.8516584,0.52409726,-0.44242442,0.8968058,0.17715299,0.9841833,0.30600935,0.9520285,0.28408816,0.95879817,-0.149003,0.98883677,0.3976072,0.91755575,-0.3085045,-0.9512229,-0.18428949,-0.982872,0.29908583,0.9542262,0.22485939,0.9743912,-0.44721416,-0.89442694,-0.07669675,-0.99705446,0.6414206,0.76718944,-0.83204937,-0.55470157,-0.46574613,-0.8849184,0.7071083,-0.7071053
-0.9863939,0.16439898,-0.8496398,0.5273634,0.47409952,0.8804713,0.8320505,0.5546999,-0.46173513,0.88701785,0.1443071,0.98953295,0.31622756,0.9486834,0.23337285,0.9723873,-0.14511403,0.98941493,0.2911611,0.95667404,-0.19002184,-0.9817799,-0.12403344,-0.99227804,0.29319003,0.9560542,-0.7070993,0.7071143,-0.461352,-0.8872172,0.099502884,-0.99503726,0.61217314,0.79072374,-1,0,-0.44721392,-0.89442706,0.44721454,-0.8944267
-0.987763,0.15596257,-0.81373346,0.5812382,0.48860338,0.872506,0.85165834,0.52409744,-0.39087364,0.92044437,0.16779941,0.9858211,0.26962993,0.962964,0.24253562,0.9701425,-0.08304548,0.99654573,0.31622776,0.9486833,-0.1900219,-0.9817799,-0.12403473,-0.99227786,0.2998266,0.95399374,0.6,0.8,-0.4166547,-0.9090648,-0.18428853,-0.9828722,0.5999999,0.8000001,0,-1,-0.058722023,-0.9982744,0.9805807,-0.19611613
-0.99913305,0.041630987,-0.85749304,0.51449555,0.5144953,0.85749316,0.79999983,0.6000002,-0.43311143,0.90134037,0.19201139,0.9813927,0.38461608,0.9230766,0.188847,0.98200655,-0.07478968,0.99719936,0.1842879,0.9828723,-0.2498781,-0.9682773,-0.04343771,-0.99905616,0.27300373,0.96201295,0.94868195,-0.31623182,-0.4115863,-0.91137075,-0.11043256,-0.9938836,0.6183904,0.7858711,-0.31622878,-0.94868296,-0.22485933,-0.9743912,-0.5038704,-0.86377925
-0.9170703,0.39872542,-0.82747597,0.56150115,0.49972278,0.8661854,0.8073906,0.5900174,-0.40081874,0.91615736,0.15496758,0.98791957,0.3387194,0.94088745,0.21693103,0.97618693,-0.098287314,0.9951581,0.3271111,0.94498587,-0.22903953,-0.9734171,-0.3511229,-0.93632936,0.2599736,0.96561575,0.6246942,0.7808694,-0.46135283,-0.88721675,-0.27471998,-0.96152425,0.5547003,0.8320502,0,-1,-0.24253522,-0.9701426,-0.1414222,-0.98994935
-0.999406,0.03446215,-0.9073105,0.4204613,0.5098027,0.86029136,0.84117824,0.54075795,-0.5780174,0.8160244,0.11248896,0.993653,0.4472136,0.8944272,0.15596297,0.9877629,-0.35987216,0.93300164,0.36565214,0.93075156,-0.29982665,-0.9539937,-0.2425344,-0.9701428,0.030754883,0.999527,0.5546997,0.8320506,-0.5734625,-0.8192318,-0.11043101,-0.9938838,0.45304996,0.89148515,-0.19611613,-0.9805807,-0.36244622,-0.9320047,0.124036044,-0.99227774
-0.95999986,0.28000054,-0.8889749,0.4579559,0.4472136,0.8944272,0.8232128,0.56773293,-0.42905682,0.9032775,0.16439885,0.9863939,0.4314555,0.90213424,-0.274721,-0.961524,-0.03446225,0.999406,0,1,-0.33964494,-0.9405537,-0.26764327,-0.9635181,0.253898,0.967231,-0.7071093,-0.7071043,-0.49613836,-0.86824346,0.08304548,-0.99654573,0.5299989,0.8479983,0,-1,-0.39872617,-0.91707003,-0.19611613,-0.9805807
-0.9312432,0.3643983,-0.87557733,0.48307797,0.44721422,0.8944269,0.80994177,0.5865103,-0.42288548,0.9061831,0,1,1,0,-0.31622678,-0.9486836,0.012344792,0.9999238,0.05546913,0.9984604,-0.43474928,-0.90055156,-0.38461515,-0.92307705,0.29680508,0.9549381,-0.3162248,0.9486843,-0.51780254,-0.85550016,1,0,0.5751769,0.81802905,-1,0,-0.49205744,-0.87056273,0.4472136,-0.8944272
-0.9986179,0.05255766,-0.862698,0.5057194,0.49972236,0.8661856,0.84029645,0.54212713,-0.3200659,0.94739527,0.16439877,0.986394,0.38461578,0.92307675,0.25096178,0.967997,0.027386945,0.9996249,0.27472177,0.9615238,-0.26311752,-0.9647638,-0.26764387,-0.9635179,0.40981507,0.9121686,0,-1,-0.53905386,-0.84227127,0,-1,0.69436926,0.71961886,-0.7071143,-0.70709926,-0.49205685,-0.8705631,0.9965456,0.08304716
-0.9255464,0.37863415,-0.8064053,0.5913632,0.7546056,0.65617865,0.8448192,0.5350519,-0.24783318,0.96880275,0.047565542,0.9988681,0.41575947,0.9094746,0.33633658,0.9417418,0.07768668,0.9969778,0.25242156,0.96761733,-0.2821664,-0.9593655,-0.406139,-0.9138113,0.41814348,0.908381,0.55470043,0.83205014,-0.5407579,-0.84117824,-0.19611573,-0.98058075,0.72110444,0.6928264,0.85749424,0.5144936,-0.5854907,-0.8106791,-0.5144963,-0.8574926
-0.93979365,0.34174246,-0.748996,0.66257447,0.59439075,0.8041764,0.89442706,0.44721383,-0.28216645,0.9593655,0.31002054,0.95072985,0.35112324,0.93632925,0.31622797,0.9486832,0,1,0.43273032,0.9015234,-0.31622714,-0.9486835,-0.37138999,-0.928477,0.4001415,0.91645336,0.64018387,0.76822174,-0.5710647,-0.820905,-0.31622845,-0.9486831,0.68187624,0.73146755,0.3162247,-0.94868433,-0.42808616,-0.9037379,-0.31623033,-0.9486824
-0.9889366,0.14833896,-0.75925654,0.65079147,0.540758,0.84117824,0.8944275,0.44721305,-0.3236878,0.94616395,0.29408598,0.95577896,0.3162275,0.9486834,0.31622776,0.9486833,0.013331917,0.9999111,0.40273905,0.91531485,-0.31622815,-0.94868314,-0.22485866,-0.9743914,0.40081874,0.91615736,0.48564312,0.8741572,-0.4327313,-0.90152293,-0.41905808,-0.9079594,0.7071068,0.7071067,0.97014236,0.24253626,-0.5547,-0.83205044,-0.22486018,-0.97439104
-0.9728063,0.23162039,-0.78631854,0.61782134,0.6561784,0.75460577,0.8814801,0.4722212,-0.2700653,0.962842,0.13216339,0.9912279,0.40613854,0.9138115,0.4472136,0.8944272,0.088261835,0.9960973,0.2821666,0.9593654,-0.31622776,-0.9486833,-0.31622845,-0.9486831,0.43047255,0.9026037,0.49613732,0.86824405,-0.55470014,-0.8320503,-0.29408535,-0.9557792,0.7412043,0.67127955,0.89442915,0.4472097,-0.50701994,-0.8619343,-0.573462,-0.81923217
-0.9397933,0.34174335,-0.8995081,0.43690404,0.7348035,0.67828006,0.8944273,0.44721335,-0.26704505,0.963684,0.283346,0.95901775,0.43145597,0.902134,-0.3314861,-0.9434601,0.11043135,0.9938837,0.18428919,0.98287207,-0.33441007,-0.94242764,-0.1240334,-0.99227804,0.46400684,0.8858316,0.21693121,0.9761869,-0.5547004,-0.8320502,-0.6585034,-0.7525777,0.79159033,0.61105216,0,1,-0.62469465,-0.7808691,-0.6000014,-0.79999894
-0.91192126,0.4103652,-0.72138727,0.6925319,0.5943906,0.8041765,0.8682434,0.4961385,-0.2480912,0.9687367,0.06438279,0.9979253,0.40836576,0.9128184,0.40905577,0.9125094,0.07669648,0.99705446,0.26963025,0.96296394,-0.2873484,-0.95782614,-0.24253562,-0.9701425,0.4579563,0.88897467,0.1520575,0.9883717,-0.50387114,-0.8637788,-0.3511229,-0.93632936,0.73934233,0.6733297,0.16439784,0.9863941,-0.58549,-0.8106796,-0.5368767,-0.8436607
-0.9751331,0.22162,-0.7612434,0.6484663,0.53905356,0.8422715,0.8944268,0.44721434,-0.28334603,0.95901775,0.2478333,0.9688027,0.43273062,0.9015233,0.46135315,0.88721657,0.06013192,0.99819046,0.28216687,0.95936537,-0.35465387,-0.9349977,0,-1,0.4108987,0.911681,0.19611697,0.9805805,-0.48860338,-0.872506,-0.2747206,-0.96152407,0.707107,0.7071066,0,-1,-0.5547008,-0.8320499,-0.4856432,-0.87415713
-0.92307675,0.38461584,-0.85478806,0.5189772,0.6757245,0.73715425,0.8882174,0.45942336,-0.29162592,0.9565325,0.23695621,0.9715203,0.4166546,0.9090649,0.2676445,0.9635177,0.08403897,0.99646246,0.13216317,0.991228,-0.27880982,-0.96034634,-0.22485997,-0.9743911,0.40147683,0.9158692,1,0,-0.5057191,-0.8626982,-0.110433586,-0.9938835,0.700708,0.71344817,-0.24253562,-0.9701425,-0.5199471,-0.85419846,-0.21693009,-0.97618717
-0.99654585,0.083044015,-0.7880243,0.61564416,0.6097106,0.7926241,0.905459,0.42443374,-0.3259908,0.94537294,0.28089872,0.9597374,0.3285207,0.94449675,-0.26764387,-0.9635179,0.0573764,0.99835265,0.19611727,0.98058045,-0.36099476,-0.93256783,-0.12403268,-0.99227816,0.35987204,0.93300164,0.70710874,0.7071048,-0.49613923,-0.868243,0,-1,0.6739619,0.73876613,0,-1,-0.39391863,-0.9191453,-0.19611678,-0.98058057
-0.9751326,0.22162229,-0.8448191,0.535052,0.66062844,0.75071305,0.80355734,0.5952274,-0.30934528,0.9509498,0.19611622,0.9805806,0.4327309,0.9015231,0.46135288,0.88721675,0.083045304,0.9965458,0.16439939,0.98639387,-0.32432476,-0.9459458,-0.07669643,-0.9970545,0.41089836,0.9116812,0.7071107,0.70710284,-0.45942333,-0.88821745,-0.08304639,-0.9965457,0.70093125,0.7132288,-0.44720963,-0.89442915,-0.43273154,-0.9015228,0.19611572,-0.98058075
-0.9600002,0.27999935,-0.81201535,0.58363605,0.59001696,0.80739087,0.89442694,0.44721413,-0.35362247,0.9353882,0.13045464,0.9914543,0.34174275,0.9397935,0.35897952,0.93334544,-0.05056808,0.99872065,0.37139052,0.92847675,-0.32507965,-0.94568664,-0.17378585,-0.9847835,0.3468959,0.93790364,0.39391768,0.9191457,-0.51897776,-0.8547877,0,-1,0.64978105,0.7601214,-0.89442515,-0.44721764,-0.49205703,-0.870563,-0.3417442,-0.939793
-0.9701426,0.2425352,-0.8030981,0.59584683,0.64594233,0.7633862,0.8741572,0.48564312,-0.33633637,0.94174194,0.175033,0.9845626,0.4472136,0.8944272,0.49026114,0.8715756,0.057376754,0.9983526,0.1737849,0.98478365,-0.38074988,-0.9246781,-0.09053656,-0.9958931,0.37361085,0.92758554,0.16439898,0.9863939,-0.47222164,-0.88147986,-0.1643984,-0.98639405,0.6818766,0.73146725,-0.89442766,-0.4472126,-0.50103617,-0.86542636,-0.31622854,-0.948683
-0.9344883,0.35599393,-0.8240417,0.5665291,0.5692095,0.82219255,0.88862103,0.45864215,-0.3127507,0.94983524,0.058722023,0.9982744,0.3243247,0.9459458,-0.22282493,-0.97485846,-0.012499037,0.99992186,0.33871946,0.9408874,-0.31622776,-0.9486833,-0.25449386,-0.9670744,0.38638487,0.92233765,0.14142136,0.98994946,-0.52256215,-0.8526012,-0.08304548,-0.99654573,0.6517668,0.75841945,0,-1,-0.51994663,-0.85419875,-0.27472112,-0.96152395
-0.9805807,0.19611593,-0.8551979,0.5183016,0.62833697,0.7779413,0.8700222,0.49301255,-0.2840884,0.9587981,0.14479914,0.98946106,0.32711068,0.94498605,0.2696302,0.96296394,0.073871635,0.9972678,0.116841175,0.9931506,-0.31622756,-0.9486834,-0.92847556,-0.37139344,0.4157599,0.90947443,0,1,-0.49972242,-0.8661856,-0.110431395,-0.9938837,0.69459456,0.71940136,0,-1,-0.5462675,-0.8376108,-0.27472073,-0.96152407
-0.9701424,0.24253604,-0.8574928,0.5144959,0.56921035,0.82219195,0.8448192,0.5350519,-0.3776841,0.9259345,0.15799043,0.98744065,0.30477592,0.9524241,0.24253546,0.97014254,-0.05471259,0.99850214,0.30600938,0.9520285,-0.29221898,-0.95635146,-0.26311612,-0.9647642,0.32468525,0.9458221,0.37138587,0.9284786,-0.52999854,-0.84799856,0,-1,0.64413565,0.7649113,0,-1,-0.4103646,-0.91192156,-0.38461584,-0.92307675
-0.9958932,0.090536274,-0.883116,0.46915466,0.49301234,0.8700223,0.85478747,0.51897824,-0.35245505,0.93582875,0.12663168,0.9919498,0.33871984,0.9408873,-0.2455757,-0.9693774,0.09594095,0.995387,-0.24253625,0.97014236,-0.31622794,-0.94868326,-0.18711224,-0.98233855,0.41750023,0.9086768,-1,0,-0.458643,-0.8886206,0.35112512,-0.93632853,0.661201,0.7502088,-0.70710486,-0.7071087,-0.4741,-0.880471,-0.11043205,-0.99388367
-0.986394,0.16439857,-0.8411782,0.5407581,0.4211116,0.9070088,0.84963995,0.52736324,-0.41750014,0.90867686,0.14142157,0.98994946,0.28734764,0.9578264,0,1,-0.12073181,0.99268514,0.35112327,0.93632925,-0.3070027,-0.9517086,-0.099504545,-0.9950371,0.30429563,0.95257765,-0.31622577,0.948684,-0.51449627,-0.8574926,0,-1,0.6213947,0.7834977,0,1,-0.39391923,-0.91914505,-0.21693033,-0.9761871
-0.96561563,0.25997394,-0.84964025,0.5273627,0.509803,0.8602912,0.82747525,0.5615022,-0.36191705,0.9322103,0.15044224,0.9886188,0.37863287,0.92554694,-0.2103741,-0.97762096,-0.011627181,0.9999324,0,1,-0.31622776,-0.9486833,0,-1,0.3387195,0.9408874,-0.51449466,0.8574936,-0.3713909,-0.9284766,-0.08304427,-0.99654585,0.6365649,0.7712231,-0.9805797,-0.19612111,-0.44721392,-0.894427,-0.16439782,-0.9863941
-0.95577884,0.29408643,-0.82219213,0.5692101,0.35465458,0.9349974,0.84964013,0.52736294,-0.40613857,0.9138115,0.16113223,0.9869328,0.30600864,0.95202875,-0.0995034,0.9950372,-0.12558034,0.99208343,0.33633652,0.9417419,-0.30782005,-0.9514446,-0.066519596,-0.9977851,0.27999988,0.96000004,0.1842882,0.98287225,-0.42288527,-0.90618324,-0.16439898,-0.9863939,0.5999999,0.8000001,-0.8944262,0.44721556,-0.47628304,-0.879292,-0.24253562,-0.9701425
-0.9701426,0.24253522,-0.8364608,0.5480267,0.43381593,0.9010015,0.79262406,0.60971063,-0.43796945,0.89898986,0.14731148,0.98909014,0.3285206,0.9444968,0.09053557,0.99589324,-0.14324418,0.9896874,0.35897923,0.93334556,-0.29827484,-0.95448005,-0.23162031,-0.9728063,0.23599748,0.97175366,0.37138933,0.9284772,-0.44721305,-0.8944275,-0.08304548,-0.99654573,0.58500516,0.81102955,-0.8944234,0.44722113,-0.39391908,-0.9191451,-0.19611713,-0.98058045
-0.9805809,0.19611478,-0.78349775,0.62139463,0.48860356,0.8725059,0.8099419,0.5865102,-0.44254923,0.8967442,0.16067578,0.98700726,0.32507956,0.9456867,0.22162141,0.97513276,-0.11759965,0.99306107,0.30700323,0.9517085,-0.25449365,-0.96707445,-0.041630466,-0.99913305,0.34570536,0.9383431,-0.2873487,0.9578261,-0.38672605,-0.92219466,-0.1643986,-0.986394,0.6275253,0.77859616,-0.928477,-0.37138996,-0.4472133,-0.89442736,0.9965456,0.083047174
-0.99654573,0.0830457,-0.83696973,0.5472492,0.32599112,0.9453728,0.84963983,0.52736336,-0.42756128,0.90398633,0.14731131,0.9890902,0.3387198,0.9408873,0.14654835,0.9892035,-0.11043162,0.9938837,0.30477569,0.95242417,-0.28216642,-0.9593655,-0.09950309,-0.99503726,0.30782026,0.9514445,0,1,-0.47409934,-0.88047135,0,-1,0.6295836,0.7769327,-0.948685,-0.31622273,-0.4166546,-0.9090649,-0.11043178,-0.9938837
-0.9928768,0.11914532,-0.8035576,0.59522706,0.41905758,0.90795964,0.8369696,0.5472494,-0.44242424,0.8968059,0.13216384,0.99122787,0.30477595,0.95242405,0.21693061,0.97618705,-0.14900288,0.98883677,0.38461596,0.9230767,-0.29827535,-0.9544799,-0.20600945,-0.97855,0.27999988,0.96000004,0.1644001,0.98639375,-0.45942295,-0.8882176,-0.0766965,-0.99705446,0.6129971,0.79008514,-0.4472136,0.8944272,-0.4625657,-0.886585,-0.2631174,-0.9647638
-0.915315,0.4027387,-0.8320503,0.5547002,0.40273896,0.91531485,0.789352,0.6139409,-0.41036457,0.91192156,0.08853967,0.99607265,0.26963004,0.962964,0.043437146,0.99905616,-0.14324427,0.9896874,0.22722965,0.9738412,-0.19002217,-0.9817798,-0.30320394,-0.9529257,0.21409579,0.97681266,0.33633763,0.94174147,-0.4472136,-0.8944272,-0.16439973,-0.9863938,0.5641905,0.8256447,0,1,-0.41036475,-0.91192144,-0.4138023,-0.9103668
-0.98521155,0.17134234,-0.7893524,0.61394036,0.39391956,0.9191449,0.8274756,0.5615017,-0.42352933,0.9058824,0.16113198,0.9869329,0.18884742,0.98200643,0.14654797,0.9892036,-0.11609256,0.9932384,0.36565214,0.93075156,-0.2747213,-0.9615239,-0.13511337,-0.9908301,0.30817696,0.95132905,0.083045185,0.9965458,-0.4472136,-0.8944272,-0.2060096,-0.97854996,0.6476483,0.76193947,-0.5144971,0.8574921,-0.5038717,-0.86377853,-0.28734675,-0.9578266
-0.9883718,0.15205653,-0.8240418,0.56652904,0.49972227,0.86618567,0.7612427,0.6484671,-0.4924346,0.87034947,0.08789418,0.9961298,0.23745312,0.971399,0.16439818,0.98639405,-0.23337285,0.9723873,0.3481866,0.93742526,-0.22485971,-0.97439116,0.041631334,-0.99913305,0.2182898,0.97588396,0.4061404,0.9138107,-0.40905663,-0.912509,-0.062377933,-0.9980526,0.5766832,0.81696784,-0.7071088,-0.70710474,-0.4603165,-0.88775486,0.61393994,-0.7893528
-0.9922778,0.12403539,-0.80309814,0.5958468,0.37139136,0.9284764,0.84964,0.5273631,-0.4609897,0.8874055,0.1293389,0.99160045,0.1579907,0.9874406,0.083045624,0.99654573,-0.1379101,0.9904448,0.1871122,0.98233855,-0.25589272,-0.9667052,-0.04540722,-0.99896854,0.22680771,0.97393954,-0.24253318,0.97014314,-0.37637722,-0.9264665,0,-1,0.5698988,0.8217149,-0.70710427,-0.70710933,-0.37139094,-0.9284766,-0.2631163,-0.9647641
-0.9844276,0.17579083,-0.8402967,0.5421268,0.354654,0.9349976,0.8496405,0.5273624,-0.5228285,0.85243785,0.14479898,0.98946106,0.21693058,0.97618705,0.06651794,0.9977852,-0.2814736,0.959569,0.4090554,0.91250956,-0.24253562,-0.9701425,0,-1,0.20863833,0.9779929,0.08304578,0.99654573,-0.3473141,-0.93774885,-0.2982753,-0.9544799,0.57258844,0.819843,-0.97014326,0.24253249,-0.49205753,-0.8705627,0,-1
-0.9449861,0.32711053,-0.79072326,0.6121738,0.42111135,0.90700895,0.8462331,0.53281283,-0.46441028,0.8856202,0.110431254,0.9938838,0,1,-0.18428935,-0.982872,-0.20540154,0.9786778,0.27881008,0.9603463,-0.23046629,-0.97308034,-0.14142121,-0.9899495,0.20540154,0.9786778,0.28734672,0.9578266,-0.38672653,-0.9221944,-0.30113143,-0.95358264,0.5180345,0.85535973,0.4472136,-0.8944272,-0.4613527,-0.8872168,0.099503286,-0.99503726
-0.9679968,0.2509627,-0.778413,0.62775254,0.32599047,0.94537306,0.8602917,0.5098021,-0.49847108,0.86690634,0.112489365,0.99365294,0.25096217,0.9679969,-0.119145155,-0.9928768,-0.24542193,0.9694164,0.30700257,0.9517087,-0.23559988,-0.97185016,-0.2316203,-0.9728063,0.1664751,0.98604566,0.18428853,0.9828722,-0.4472136,-0.8944272,-0.06651892,-0.99778515,0.5761568,0.8173392,-0.37139153,0.92847633,-0.48860332,-0.872506,0.19611613,-0.9805807
-0.9656157,0.25997376,-0.8496399,0.5273633,0.31622776,0.9486833,0.8496399,0.5273633,-0.47807303,0.8783201,0.13341187,0.9910607,0.2333736,0.97238714,0,1,-0.18428853,0.9828722,0.30477503,0.95242435,-0.2631173,-0.9647639,0,-1,0.2569011,0.9664377,-0.099505424,0.995037,-0.39054957,-0.9205819,-0.066520065,-0.9977851,0.5999997,0.8000002,-0.7071087,0.70710486,-0.5144961,-0.85749274,-0.090535395,-0.99589324
-0.9832821,0.18208872,-0.8837879,0.46788782,0.48564258,0.8741575,0.7779415,0.62833667,-0.49972254,0.86618555,0.1414215,0.98994946,0.11462386,0.993409,0.25242153,0.9676174,-0.20344639,0.9790861,0.19611646,0.9805806,-0.17378569,-0.9847835,-0.041629795,-0.9991331,0.21693073,0.976187,-0.39392135,0.91914415,-0.34731385,-0.93774897,-0.062378623,-0.99805254,0.56989926,0.8217146,-0.9701422,0.24253686,-0.44721392,-0.894427,-0.17888424,-0.98387015
-0.95242405,0.30477598,-0.8000003,0.59999955,0.40613812,0.9138117,0.7779412,0.628337,-0.47662443,0.879107,0.08081596,0.996729,0.24253578,0.9701425,0.03701169,0.99931484,-0.17378546,0.98478353,0.22485988,0.9743911,-0.21693072,-0.976187,-0.25449356,-0.96707445,0.23107241,0.9729366,-0.28734788,0.95782626,-0.39391983,-0.9191448,-0.11043153,-0.9938837,0.55743396,0.8302213,-0.83204937,0.5547016,-0.503871,-0.8637789,-0.27471972,-0.96152437
-0.9701426,0.2425351,-0.78349745,0.621395,0.40613887,0.9138114,0.7926238,0.609711,-0.4728178,0.8811602,0.126632,0.99194974,0.14142114,0.9899495,0.16990694,0.9854601,-0.22485968,0.97439116,0.24987836,0.9682772,-0.14980532,-0.9887155,-0.09480967,-0.99549544,0.2276293,0.97374785,0,1,-0.4472136,-0.8944272,-0.18428901,-0.98287207,0.59584683,0.8030981,-0.4472136,0.8944272,-0.5449884,-0.8384436,-0.090536095,-0.9958932
-0.9892036,0.14654797,-0.85519755,0.5183022,0.42111143,0.9070089,0.8073912,0.5900164,-0.5210016,0.85355574,0.13864797,0.9903417,0.12403419,0.9922779,-0.10748189,-0.994207,-0.26962993,0.962964,0.31622776,0.9486833,-0.19611573,-0.98058075,0.110431,-0.9938838,0.1801045,0.98364747,0.27472094,0.961524,-0.44721305,-0.8944275,-0.18428934,-0.982872,0.62469524,0.78086865,-0.2873477,0.9578263,-0.5646841,-0.82530713,-0.15205829,-0.98837155
-0.9723872,0.23337352,-0.827919,0.56084764,0.4740993,0.88047135,0.8269271,0.5623091,-0.4747903,0.88009894,0.02855986,0.99959207,0.19086964,0.98161536,-0.034462377,0.999406,-0.2086385,0.97799283,0.28408846,0.95879805,-0.24253562,-0.9701425,-0.08304577,-0.99654573,0.20952885,0.97780246,0.15205719,0.9883717,-0.3987253,-0.9170704,-0.13216409,-0.99122787,0.59364873,0.8047243,-0.31622624,0.9486838,-0.49205703,-0.870563,-0.08304577,-0.99654573
-1,0,-0.83570534,0.5491781,0.4061384,0.91381156,0.7961622,0.6050833,-0.5623101,0.82692647,0.1677995,0.9858211,0.0766965,0.99705446,0.27472138,0.9615239,-0.33212504,0.94323534,0.29827458,0.9544801,-0.18116198,-0.9834533,-0.20601048,-0.9785498,0.086629674,0.99624056,0.31622776,0.9486833,-0.4027386,-0.91531503,-0.24253562,-0.9701425,0.5021356,0.86478895,0,0,-0.49205726,-0.87056285,-0.27471974,-0.96152437
-0.99745864,0.071248285,-0.8360479,0.54865646,0.33871987,0.9408873,0.8279185,0.56084836,-0.5413396,0.84080404,0.08479994,0.996398,0.24253546,0.97014254,0.099504344,0.99503714,-0.29597595,0.95519537,0.2873482,0.9578262,-0.19087002,-0.9816153,-0.11684096,-0.99315065,0.15743221,0.9875298,0.0905354,0.99589324,-0.47409913,-0.88047147,-0.05872312,-0.9982743,0.55799735,0.82984275,-0.707108,0.7071055,-0.5368755,-0.8436615,-0.22486033,-0.974391
-0.9701426,0.24253525,-0.8203981,0.5717928,0.40613812,0.9138117,0.8099426,0.58650917,-0.5065491,0.8622111,0.12625438,0.9919979,-0.12797152,-0.99177784,-0.11043153,-0.9938837,-0.27146035,0.9624496,0.2900076,0.95702434,-0.22903962,-0.9734171,-0.045407753,-0.99896854,0.21558753,0.97648454,0.1104318,0.9938837,-0.4115869,-0.9113705,-0.15596275,-0.9877629,0.6121733,0.7907236,-0.4061393,0.91381115,-0.57106405,-0.8209055,0.083043925,-0.9965459
-0.97439116,0.22485963,-0.8547878,0.51897764,0.40273863,0.91531503,0.77523476,0.6316732,-0.47058818,0.88235295,0.1168412,0.9931506,0.30477604,0.95242405,-0.17666414,-0.98427117,-0.17532372,0.98451084,0.21693046,0.97618705,-0.17888544,-0.9838699,0.03843287,-0.9992612,0.26764396,0.9635179,0,1,-0.4008187,-0.91615736,-0.07124662,-0.99745876,0.6020922,0.79842657,-1,0,-0.4920576,-0.8705627,0.09053487,-0.9958933
-0.9883716,0.15205792,-0.80640495,0.5913637,0.40613866,0.91381145,0.7926238,0.609711,-0.46527854,0.8851643,0.11914541,0.9928768,0.1961158,0.98058075,0.20952944,0.97780234,-0.2086384,0.97799283,0.28734764,0.9578264,-0.29000714,-0.95702446,-0.062379282,-0.99805254,0.20127426,0.9795349,0.18428886,0.9828721,-0.4228856,-0.90618306,-0.2982747,-0.95448005,0.5486563,0.836048,-0.4472136,0.8944272,-0.5038713,-0.8637787,0.21693169,-0.9761868
-0.96799654,0.25096345,-0.87002236,0.49301222,0.3846162,0.92307657,0.7863182,0.6178218,-0.48860323,0.8725061,0.13511288,0.9908302,0.19611627,0.9805806,0.16439898,0.9863939,-0.19121075,0.981549,0.30477563,0.95242417,-0.27472097,-0.961524,-0.1046845,-0.99450547,0.18834843,0.9821023,0.24253562,0.9701425,-0.47222164,-0.88147986,-0.13216327,-0.991228,0.5203701,0.85394084,-0.70711046,-0.7071031,-0.27999988,-0.96000004,0,-1
-0.98521173,0.17134133,-0.827919,0.56084764,0.40613788,0.9138118,0.7808688,0.62469506,-0.4924346,0.87034947,0.17715321,0.9841833,0.31622776,0.9486833,0.18711229,0.98233855,-0.20601033,0.97854984,0.31622756,0.9486834,-0.22026053,-0.9754411,-0.12403473,-0.99227786,0.19866253,0.98006797,0.24253683,0.9701422,-0.46256667,-0.8865845,0.09950372,-0.9950372,0.54271543,0.83991665,-1,0,-0.464007,-0.88583153,-0.17888544,-0.9838699
-0.9889361,0.14834185,-0.85749316,0.5144954,0.3656522,0.93075156,0.85749316,0.5144954,-0.35897893,0.9333457,0.062377926,0.9980526,0.35599568,0.9344876,-0.19866244,-0.98006797,-0.024382947,0.9997027,0.116840884,0.99315065,-0.29827484,-0.95448005,-0.09480905,-0.9954955,0.33871943,0.94088745,-1,0,-0.41905794,-0.9079595,-0.1961164,-0.9805806,0.61394066,0.7893522,-0.70710933,-0.70710427,-0.38461515,-0.92307705,-0.5734627,-0.8192317
-0.9991331,0.041629687,-0.85260135,0.5225619,0.5098021,0.8602917,0.819232,0.57346225,-0.38544464,0.922731,0.12933925,0.9916004,0.33871973,0.94088733,0,1,-0.07870225,0.9968982,0.27999967,0.9600001,-0.2982748,-0.95448005,0,-1,0.3285209,0.9444967,0.14142093,0.9899496,-0.38964,-0.9209673,-0.22903961,-0.9734171,0.6325347,0.774532,-0.4472136,-0.8944272,-0.49972218,-0.8661857,-0.16439985,-0.9863938
-0.9805808,0.19611546,-0.8778951,0.47885296,0.51449555,0.85749304,0.840297,0.54212636,-0.4039328,0.91478866,0.0939227,0.9955795,0.31622776,0.9486833,0.09950339,0.9950372,-0.11609275,0.9932384,0.31622756,0.9486834,-0.25449327,-0.9670746,-0.08663023,-0.99624056,0.33089614,0.9436672,-0.8320503,0.5547002,-0.4211114,-0.90700895,-0.20952846,-0.9778026,0.59031844,0.80717045,-0.3162236,-0.9486847,-0.031235011,-0.9995121,0.3162275,0.9486834
-0.992278,0.124034055,-0.83604765,0.5486568,0.5407583,0.841178,0.8320503,0.5547002,-0.3939195,0.9191449,0.03224134,0.9994801,0.29827523,0.95447993,0.035690825,0.9993629,-0.091716975,0.9957851,0.29639918,0.9550642,-0.24253562,-0.9701425,-0.08304563,-0.99654573,0.34818652,0.93742526,0.08304548,0.99654573,-0.4090561,-0.91250926,-0.25449252,-0.96707475,0.65079147,0.75925654,-0.8944272,-0.4472136,-0.4472136,-0.8944272,-0.24253562,-0.9701425
-0.9852119,0.17134038,-0.8574928,0.51449597,0.6050837,0.7961619,0.7966908,0.60438704,-0.3308963,0.9436671,0.081361614,0.9966847,0.2940862,0.9557789,-0.20344637,-0.9790861,-0.013697287,0.9999062,0.20260543,0.97926044,-0.25449324,-0.9670746,0,-1,0.40014157,0.91645336,-0.4472136,0.8944272,-0.3823521,-0.9240167,-0.13216335,-0.9912279,0.66361463,0.7480746,-0.5547023,-0.8320489,-0.3363363,-0.94174194,-0.3162274,-0.94868344
-1,0,-0.8357056,0.5491777,0.6139406,0.78935224,0.84481907,0.53505206,-0.39691117,0.91785705,0.12625405,0.99199796,0.31622854,0.948683,-0.21951233,-0.9756097,-0.012819278,0.9999178,0.07974498,0.9968153,-0.25449285,-0.96707463,-0.26311758,-0.96476376,0.34174326,0.93979335,0,1,-0.4722216,-0.88147986,-0.07669715,-0.99705446,0.6453518,0.7638855,-0.44721755,-0.8944252,-0.5263545,-0.8502652,-0.26311707,-0.96476394
-0.9600004,0.27999863,-0.8169677,0.57668334,0.59522706,0.8035575,0.8944275,0.44721305,-0.3582516,0.9336251,0.14731148,0.98909014,0.3271104,0.9449861,0.33871964,0.94088733,-0.11319193,0.9935731,0.3772964,0.92609257,-0.2821657,-0.95936567,-0.12403576,-0.99227774,0.2931901,0.95605415,0.76822174,0.6401838,-0.46135253,-0.8872169,-0.28734827,-0.95782614,0.6121734,0.79072356,1,0,-0.1321636,-0.9912279,0.3559947,0.934488
-0.9728062,0.23162058,-0.770394,0.63756806,0.59439194,0.8041755,0.8778954,0.47885245,-0.29332224,0.9560136,0.20039594,0.979715,0.31622803,0.9486832,0.21693037,0.97618705,-0.012985862,0.99991566,0.30477527,0.9524243,-0.284088,-0.9587982,0.14142092,-0.9899496,0.3846153,0.9230769,0.5144955,0.8574931,-0.4314559,-0.90213406,-0.24253562,-0.9701425,0.674571,0.73821,1,0,-0.42579713,-0.90481865,-0.4740997,-0.88047117
-0.9670748,0.25449225,-0.75568885,0.65493083,0.61630815,0.7875051,0.8574929,0.51449573,-0.29162592,0.9565325,-0.03701169,0.99931484,0.31622794,0.94868326,0.25997368,0.9656157,0.0505679,0.99872065,0.17888544,0.9838699,-0.2425349,-0.97014266,-0.24253562,-0.9701425,0.40364018,0.9149178,0.16439898,0.9863939,-0.5199466,-0.85419875,-0.257663,-0.96623486,0.7203203,0.6936416,0.19611697,0.9805805,-0.55470073,-0.8320499,-0.7071071,-0.7071064
-0.9312425,0.3644,-0.79360646,0.60843146,0.6139402,0.78935254,0.88148004,0.47222134,-0.341743,0.93979347,0.19201152,0.9813927,0.29116195,0.9566738,0.16439958,0.9863938,-0.060131762,0.99819046,0.35897923,0.93334556,-0.29000726,-0.95702446,-0.19611676,-0.98058057,0.29680505,0.9549381,0.5368752,0.8436617,-0.4211111,-0.90700907,-0.40613857,-0.9138115,0.5873953,0.8093001,1,0,-0.413803,-0.9103665,-0.6726725,-0.7399403
-0.9444964,0.32852173,-0.73715395,0.67572486,0.5472498,0.8369693,0.9001593,0.43556088,-0.299538,0.9540844,0.17888565,0.98386985,0.35112336,0.9363292,-0.17768262,-0.9840878,0,1,0.3473146,0.9377487,-0.23559985,-0.97185016,-0.17888518,-0.98386997,0.3760168,0.92661285,0.53687656,0.84366083,-0.49972236,-0.86618567,-0.24253625,-0.97014236,0.67267275,0.7399401,0.89442784,0.4472123,-0.5854908,-0.810679,-0.47885153,-0.8778959
-0.9916004,0.12933943,-0.84623307,0.5328129,0.6246955,0.7808685,0.88862026,0.45864367,-0.28840616,0.95750815,0.16067544,0.9870073,0.35112354,0.9363291,0.25997388,0.96561563,0.06397113,0.99795175,0.34174326,0.93979335,-0.22026114,-0.9754409,-0.17378472,-0.98478365,0.40364012,0.9149178,0.7071077,0.7071058,-0.4347493,-0.9005515,-0.31622714,-0.9486835,0.7136842,0.70046765,1,0,-0.38805684,-0.92163545,-0.6097112,-0.79262364
-0.9216358,0.38805598,-0.77272654,0.63473904,0.64594245,0.76338613,0.8823529,0.4705883,-0.27327716,0.96193534,0.18290783,0.98313004,0.32711026,0.94498616,0.257663,0.96623486,0.012657112,0.9999199,0.34425515,0.93887615,-0.2136971,-0.9769,-0.351124,-0.93632895,0.3363363,0.94174194,0.70710677,0.70710677,-0.4788522,-0.87789553,-0.5881703,-0.8087371,0.6507915,0.7592565,0.76822084,0.64018494,-0.25242183,-0.9676173,-0.7926239,-0.6097109
