-0.832050323,0.554700196,-0.656780601,0.754081726,0.524097919,0.851657987,0.807390809,0.590017021,-0.365087628,0.930973172,-0.168296203,0.985736489,-0.233373016,0.972387314,-0.250962585,0.967996776,-0.089637883,0.995974422,0.116841629,0.993150532,0,1,0.196115538,0.980580807,0.153706864,0.988116503,-0.052558713,0.998617828,-0.578017294,-0.816024542,-0.380749911,-0.924678028,0.405064285,0.914288223,-0.175790787,0.984427571,-0.794357479,-0.607450545,-0.707106769,-0.707106769
-0.764291227,0.644871235,-0.637568057,0.770394027,0.509803057,0.860291123,0.820904493,0.571065485,-0.343192935,0.939264953,-0.230466425,0.973080277,-0.269629776,0.962964058,-0.119145282,0.992876828,-0.078191213,0.996938407,0.121541314,0.992586374,0.032240905,0.999480128,0.039968308,0.99920094,0.150442034,0.988618851,-0.137568206,0.990492284,-0.5623101,-0.82692647,-0.196116135,-0.980580688,0.371390611,0.928476691,-0.152057216,0.98837167,-0.832050145,-0.554700375,-0.591363788,-0.806404889
-0.764291704,0.644870698,-0.678280294,0.734803259,0.509802341,0.860291541,0.800000429,0.599999428,-0.343981534,0.938976407,-0.211332679,0.977414191,-0.259973675,0.96561569,-0.196116135,0.980580688,-0.069829166,0.997558951,0.12154144,0.992586374,0,1,0.039967738,0.999201,0.160918668,0.986967683,-0.05872212,0.998274386,-0.624695063,-0.780868828,-0.196115896,-0.980580747,0.381330967,0.924438596,-0.114624351,0.993408918,-0.794357538,-0.607450485,-0.658504486,-0.752576828
-0.797092199,0.603857636,-0.644871235,0.764291227,0.4997226,0.866185486,0.854787409,0.518978298,-0.3713907,0.928476691,-0.14834033,0.988936365,-0.269630015,0.962963998,-0.250962347,0.967996836,-0.115722105,0.993281603,0.126254335,0.991997898,0.037011795,0.999314845,0.152056903,0.98837173,0.147311375,0.989090145,-0.107481867,0.994207025,-0.562309802,-0.826926649,-0.40081954,-0.916157007,0.373340547,0.92769438,-0.136637434,0.99062115,-0.771930218,-0.635707259,-0.683940589,-0.729537725
-0.644871116,0.764291346,-0.566528857,0.824041903,0.660628021,0.750713408,0.851658106,0.5240978,-0.265362114,0.964148819,-0.094809391,0.995495439,-0.196115986,0.980580688,-0.076696053,0.997054517,-0.009433576,0.999955475,0.185407758,0.982661664,0.250962347,0.967996836,0.304775804,0.952424109,0.221186593,0.975231528,0.027016975,0.999634981,-0.588171661,-0.808736086,-0.524096608,-0.851658821,0.434452832,0.900694609,-0.037011739,0.999314845,-0.759256542,-0.650791466,-0.678279161,-0.734804273
-0.658504367,0.752576888,-0.560848355,0.82791853,0.645942748,0.763385832,0.881479919,0.472221553,-0.257110864,0.966381907,-0.141421229,0.989949524,-0.07974492,0.996815324,-0.073872127,0.997267723,-0.018688343,0.999825358,0.247003689,0.969014525,0.29408583,0.955779016,0.32711041,0.944986105,0.213696808,0.976900041,0.052558649,0.998617828,-0.571064591,-0.820905149,-0.393918544,-0.919145346,0.447213441,0.894427299,0,1,-0.806405604,-0.591362894,-0.707106054,-0.707107484
-0.646977484,0.762509108,-0.502135038,0.864789248,0.677057028,0.735930562,0.842271209,0.539053977,-0.254925847,0.966960609,-0.071247242,0.997458696,-0.157990128,0.987440705,-0.038433235,0.999261141,-0.009433476,0.999955475,0.238221601,0.971210837,0.327110499,0.944986105,0.338719517,0.940887392,0.221186519,0.975231528,0.107481971,0.994207025,-0.588172138,-0.808735788,-0.470588326,-0.882352889,0.455475748,0.890248179,0.038433235,0.999261141,-0.780868828,-0.624695063,-0.678279757,-0.734803736
-0.73105514,0.682318389,-0.510538876,0.859854698,0.628337383,0.777940989,0.849640131,0.527362883,-0.257110864,0.966381907,-0.066518717,0.997785151,-0.076696381,0.997054517,0,1,0,1,0.305427611,0.952215314,0.306009293,0.952028513,0.461352587,0.887216866,0.22337608,0.974732339,0.107482024,0.994207025,-0.578017175,-0.816024601,-0.536875665,-0.843661368,0.488287032,0.872683108,0.039967991,0.99920094,-0.847999096,-0.529997706,-0.707105875,-0.707107723
-0.656780958,0.754081428,-0.458642423,0.888620913,0.658504784,0.75257653,0.860291481,0.509802461,-0.231620491,0.972806215,-0.048722792,0.998812318,0,1,0,1,0,1,0.387232482,0.92198211,0.336336315,0.941741943,0.461352944,0.887216687,0.259601176,0.965715945,0.13756831,0.990492284,-0.594391525,-0.804175794,-0.554699123,-0.832050979,0.507985175,0.861365795,0.188847288,0.98200649,-0.88378787,-0.467887849,-0.752577186,-0.658504069
-0.618872225,0.785491705,-0.490261197,0.871575594,0.693108976,0.720832765,0.826926291,0.562310338,-0.216015503,0.976389945,-0.046461355,0.998920083,0,1,0,1,0.044999454,0.998987019,0.316227615,0.948683381,0.371390998,0.928476572,0.447213292,0.894427359,0.272152632,0.962254107,0.181162491,0.983453155,-0.658504367,-0.752576947,-0.413803637,-0.910366178,0.498283893,0.867013931,0.114624307,0.993408918,-0.847998619,-0.529998481,-0.707106292,-0.707107246
-0.682318091,0.731055379,-0.578747153,0.815507054,0.734803736,0.678279817,0.807391167,0.590016544,-0.267643809,0.963517904,-0.118213162,0.992988229,-0.039967705,0.999201,-0.038433515,0.999261141,-0.019227229,0.999815166,0.255391091,0.966837823,0.284088284,0.95879811,0.338719577,0.940887392,0.218029574,0.975942135,0.104684837,0.994505465,-0.611447632,-0.791284919,-0.524096668,-0.851658762,0.460004836,0.887916386,0.038433149,0.9992612,-0.78086859,-0.624695301,-0.776114523,-0.630591989
-0.679408252,0.733760476,-0.591363847,0.806404889,0.677056253,0.735931277,0.816024244,0.578017652,-0.274721235,0.96152389,-0.099503763,0.995037198,-0.224858984,0.974391341,-0.041630577,0.99913305,-0.019044185,0.999818623,0.237868637,0.971297324,0.209529042,0.977802396,0.316228002,0.948683202,0.220260859,0.975440979,0.083045565,0.996545732,-0.571064234,-0.820905387,-0.524098098,-0.851657927,0.451508522,0.89226681,0,1,-0.800000548,-0.599999249,-0.678279817,-0.734803736
-0.718602121,0.695421457,-0.634739339,0.772726357,0.569210649,0.822191715,0.817806184,0.575493753,-0.324100405,0.946022689,-0.219512135,0.975609779,-0.18884699,0.98200655,-0.119145691,0.992876768,-0.074558258,0.997216642,0.173785433,0.98478353,0.110431224,0.993883789,0.224859715,0.974391162,0.144306943,0.989532948,0.026306616,0.999653935,-0.546268106,-0.837610364,-0.474098712,-0.880471706,0.367658973,0.929960668,-0.039967887,0.99920094,-0.806404233,-0.591364682,-0.650791228,-0.759256721
-0.757410049,0.652939498,-0.608431816,0.793606162,0.532813251,0.846232831,0.80000037,0.599999487,-0.329942107,0.944001198,-0.191510737,0.981490493,-0.242535084,0.970142663,-0.224859759,0.974391162,-0.087046981,0.996204197,0.141421407,0.989949465,0.190022051,0.981779814,0.124034449,0.99227792,0.155962646,0.987762928,-0.029399183,0.999567747,-0.554700136,-0.832050323,-0.422885597,-0.906183064,0.393919408,0.919144988,-0.119144879,0.992876887,-0.776113868,-0.630592823,-0.630592763,-0.776113868
-0.718240142,0.695795298,-0.595847547,0.803097546,0.496138483,0.868243396,0.796162307,0.605083108,-0.350163966,0.936688423,-0.236351341,0.971667647,-0.250962496,0.967996836,-0.076696612,0.997054458,-0.092198253,0.995740652,0.081362106,0.996684611,0.164398894,0.986393929,0.20395419,0.978980422,0.099503778,0.995037198,-0.028559804,0.999592066,-0.593199313,-0.805055678,-0.298274994,-0.954479992,0.329372168,0.944200158,0,1,-0.780868411,-0.624695539,-0.654930949,-0.755688727
-0.751164675,0.660114884,-0.624695361,0.78086853,0.480832368,0.876812518,0.765705407,0.643191457,-0.366759181,0.930315912,-0.191510364,0.981490612,-0.259973288,0.965615809,-0.224859506,0.974391222,-0.084601231,0.9964149,0.022216737,0.999753177,0.207504094,0.978234172,0.141421363,0.989949465,0.127659813,0.991818011,-0.141421556,0.989949465,-0.529998958,-0.847998321,-0.371390432,-0.92847681,0.328932166,0.94435358,0,1,-0.800000012,-0.600000024,-0.683941364,-0.72953701
-0.762508929,0.646977663,-0.603857577,0.797092199,0.548656464,0.836047888,0.791285038,0.611447453,-0.388460755,0.921465278,-0.23046644,0.973080277,-0.188847423,0.982006431,-0.188847423,0.982006431,-0.106192201,0.994345605,0.084799923,0.996397972,0.06237806,0.998052597,0.224859744,0.974391162,0.089637741,0.995974422,-0.058722071,0.998274386,-0.573461831,-0.819232285,-0.242535621,-0.970142484,0.306693792,0.951808214,-0.07669653,0.997054458,-0.792623937,-0.609710813,-0.654930472,-0.755689144
-0.730271518,0.683157027,-0.560309112,0.828283608,0.467888027,0.883787751,0.832050323,0.554700196,-0.342448026,0.93953675,-0.196116045,0.980580688,-0.28000018,0.959999919,-0.233372465,0.972387433,-0.055986721,0.998431504,0.03996782,0.99920094,0.132163763,0.991227865,0.114624247,0.993408918,0.144110918,0.989561558,-0.137568235,0.990492284,-0.529998779,-0.84799844,-0.332821041,-0.942990005,0.346650153,0.93799448,-0.068802103,0.997630298,-0.786318183,-0.617821693,-0.755689323,-0.654930294
-0.764291704,0.644870698,-0.583635807,0.812015533,0.469155312,0.883115649,0.784045815,0.620702922,-0.365087628,0.930973172,-0.242535383,0.970142543,-0.233373091,0.972387254,-0.2425358,0.970142484,-0.096633039,0.995320082,0.062378116,0.998052597,0.07387194,0.997267723,0.203954279,0.978980422,0.092386663,0.995723188,-0.085400924,0.996346653,-0.544988334,-0.838443637,-0.094808713,-0.995495498,0.332259476,0.943188012,-0.216930673,0.976186991,-0.813733399,-0.58123827,-0.490261823,-0.871575236
-0.755689502,0.654930115,-0.566528559,0.824042141,0.469154894,0.883115888,0.791284978,0.611447513,-0.381229252,0.924480557,-0.282166213,0.959365547,-0.291161776,0.956673861,-0.212429538,0.977176368,-0.11154443,0.993759453,0.065078966,0.997880101,-0.037011094,0.999314845,0.203954279,0.978980422,0.07426253,0.997238755,-0.110431924,0.993883669,-0.476282984,-0.879292071,0.216930345,-0.97618711,0.312988073,0.94975704,-0.216930673,0.976186991,-0.780868351,-0.624695599,-0.529999673,-0.847997844
-0.764291823,0.64487052,-0.595846593,0.803098261,0.44721359,0.89442718,0.791284561,0.61144805,-0.416654676,0.909064829,-0.278810173,0.960346222,-0.294086248,0.955778897,-0.252422005,0.967617273,-0.142849848,0.989744365,0.022721628,0.999741852,0,1,0.196116,0.980580688,0.053116355,0.998588324,-0.164399073,0.986393929,-0.364399403,-0.931242764,0.173785761,-0.984783471,0.280414045,0.95987916,-0.259973496,0.965615749,-0.819231331,-0.573463202,-0.400819182,-0.916157186
-0.695022225,0.71898824,-0.599999726,0.80000025,0.424433708,0.905458987,0.81602478,0.578016937,-0.384615362,0.923076928,-0.307002723,0.951708615,-0.279999942,0.960000038,-0.171341613,0.98521167,-0.1341919,0.990955353,0.045407563,0.998968542,0.038433429,0.999261141,0.152056858,0.98837173,0.084799744,0.996398032,-0.133917734,0.990992427,-0.37139082,-0.928476632,0.055470482,-0.998460352,0.296399117,0.955064178,-0.190021798,0.981779873,-0.832050025,-0.554700613,-0.332819313,-0.942990601
-0.742102861,0.670286,-0.612173319,0.790723562,0.470588386,0.882352889,0.843661368,0.536875725,-0.386726677,0.922194362,-0.287347883,0.957826257,-0.28000024,0.959999919,-0.291161209,0.95667398,-0.147311255,0.989090204,0.132163718,0.991227925,0.041630026,0.99913311,0.039968278,0.99920094,0.086629674,0.996240556,-0.160071298,0.987105429,-0.393919289,-0.919145048,0.045407891,-0.998968542,0.2925044,0.956264198,-0.132163614,0.991227925,-0.863779306,-0.503870368,-0.490260661,-0.871575892
-0.718602061,0.695421457,-0.608431518,0.7936064,0.470588118,0.882353008,0.804175973,0.594391286,-0.386726588,0.922194421,-0.249041378,0.968492866,-0.291161746,0.956673861,-0.090535283,0.99589324,-0.094314478,0.995542467,0.04440039,0.999013841,0,1,0.233373344,0.972387195,0.097361252,0.995249093,-0.164398655,0.986393988,-0.398726642,-0.917069852,0.164398983,-0.986393929,0.309585899,0.950871468,-0.146548629,0.989203453,-0.923076034,-0.384617537,-0.400819063,-0.916157246
-0.742102683,0.670286238,-0.59584707,0.803097904,0.44721359,0.89442718,0.808735847,0.588172019,-0.333847165,0.942627192,-0.40905562,0.912509441,-0.263117611,0.964763761,-0.124034829,0.992277861,-0.084799737,0.996398032,0.046460986,0.998920083,0,1,0.196116284,0.980580628,0.1200056,0.992773235,-0.141421169,0.989949524,-0.514496088,-0.857492685,0,-1,0.339922875,0.940453291,-0.159232333,0.987241149,-0.843661308,-0.536875844,-0.400818378,-0.916157544
-0.742102265,0.670286715,-0.58651042,0.809941649,0.44721359,0.89442718,0.761939347,0.647648394,-0.371390641,0.928476691,-0.398726076,0.917070091,-0.328520328,0.94449687,-0.129339248,0.991600394,-0.097361185,0.995249093,0.053974945,0.998542309,0,1,0,1,0.101742044,0.99481082,-0.229039162,0.973417222,-0.371391118,-0.928476512,0,-1,0.302243829,0.953230679,-0.242535621,0.970142484,-0.857492805,-0.514495969,-0.400819063,-0.916157246
-0.730271399,0.683157146,-0.604386806,0.796691,0.459422588,0.888217807,0.745241284,0.666794896,-0.353400797,0.935472012,-0.536874712,0.843662024,-0.328520745,0.944496751,-0.187112033,0.982338607,-0.108059369,0.99414444,0.028560035,0.999592066,-0.041630916,0.99913305,0,1,0.079294883,0.996851206,-0.270745814,0.962650895,-0.362445563,-0.932004929,0,-1,0.277776957,0.960645616,-0.274721116,0.96152395,-0.789352596,-0.61394012,-0.490261614,-0.871575356
-0.718988657,0.695021808,-0.578746736,0.815507293,0.406138748,0.913811445,0.672672629,0.739940226,-0.349995106,0.936751544,-0.503871262,0.86377877,-0.303203344,0.952925861,-0.263117671,0.964763761,-0.097361356,0.995249093,0.027017284,0.999634981,-0.035691697,0.999362826,0,1,0.099503763,0.995037198,-0.249041066,0.968492925,-0.284088194,-0.95879817,-0.076696932,-0.997054458,0.282166213,0.959365547,-0.141421452,0.989949465,-0.961523652,0.274722129,-0.413802773,-0.910366535
-0.788024485,0.615643919,-0.595846474,0.803098381,0.485643148,0.87415719,0.650791168,0.75925678,-0.365975857,0.930624366,-0.536875606,0.843661427,-0.33035022,0.943858445,-0.291161984,0.956673741,-0.111656994,0.993746817,0.028559893,0.999592066,-0.182089448,0.98328197,0.083045796,0.996545732,0.090535708,0.99589318,-0.298274577,0.954480112,-0.22485961,-0.974391162,-0.294086128,-0.955778897,0.291625768,0.956532478,-0.304775894,0.952424109,-0.976187348,-0.216929182,-0.573461711,-0.819232345
-0.707107008,0.70710659,-0.575493574,0.817806304,0.422885835,0.906182945,0.727012873,0.686623871,-0.328932285,0.944353521,-0.588171363,0.808736324,-0.34174338,0.939793289,-0.242535621,0.970142484,-0.089526795,0.995984435,0,1,-0.039968152,0.99920094,0,1,0.11419066,0.993458867,-0.290007174,0.957024455,-0.34570545,-0.938343108,0,-1,0.285253555,0.958452106,-0.294085681,0.955779076,-0.832050323,-0.554700196,-0.447213203,-0.894427419
-0.755688846,0.65493077,-0.608431578,0.793606341,0.48564288,0.87415731,0.724998891,0.688750088,-0.373228431,0.927739501,-0.416654557,0.909064889,-0.316227764,0.948683321,-0.291161507,0.95667392,-0.135113209,0.990830183,0.049937841,0.998752356,-0.083045848,0.996545732,0.04163073,0.99913305,0.068802185,0.997630298,-0.229039386,0.973417163,-0.384615928,-0.923076689,0.336336106,-0.941742003,0.294914663,0.95552361,-0.22485958,0.974391162,-0.964763939,-0.263116926,-0.514496028,-0.857492745
-0.730271339,0.683157206,-0.560847878,0.827918887,0.46915555,0.88311553,0.725952625,0.687744737,-0.398726165,0.917070031,-0.270745069,0.962651074,-0.291161954,0.956673801,-0.316227525,0.948683381,-0.125320032,0.992116392,0.068024054,0.997683704,0,1,0.041630384,0.99913305,0.08662957,0.996240616,-0.190869629,0.981615424,-0.410364807,-0.911921442,0.26764375,-0.963517964,0.292504281,0.956264198,-0.12797147,0.991777837,-0.863778591,-0.50387156,-0.173785821,-0.984783471
-0.707106769,0.707106769,-0.608431458,0.7936064,0.436273187,0.899814248,0.863779426,0.50387013,-0.371390641,0.928476691,-0.270745754,0.962650895,-0.328520536,0.94449681,-0.252422184,0.967617214,-0.11383839,0.993499279,0.086629353,0.996240616,0.041630998,0.99913305,0.039967738,0.999201,0.106910586,0.994268656,-0.164398819,0.986393929,-0.410364956,-0.911921382,0.104684941,-0.994505465,0.299538165,0.954084337,-0.096324041,0.995350003,-0.832050502,-0.554699898,-0.422885656,-0.906183064
-0.718988478,0.695022047,-0.548655927,0.836048245,0.470587939,0.882353067,0.901522994,0.432731241,-0.340136021,0.940376222,-0.332820237,0.942990303,-0.171341479,0.98521173,-0.242535621,0.970142484,-0.09530884,0.995447755,0.126631901,0.991949797,0.079745017,0.996815324,0.157990709,0.987440586,0.120005481,0.992773235,-0.107481852,0.994207025,-0.467887461,-0.883788049,0,-1,0.332819998,0.942990363,-0.110431604,0.993883729,-0.923077106,-0.384614974,-0.543251216,-0.839570224
-0.707106888,0.70710665,-0.502135456,0.864788949,0.532813311,0.846232772,0.857493103,0.514495492,-0.319218904,0.94768101,-0.190869838,0.981615365,-0.203954279,0.978980422,-0.135112822,0.990830243,-0.031563222,0.999501765,0.11043153,0.993883729,0.250962347,0.967996836,0.119145207,0.992876828,0.185606852,0.982624114,-0.027017245,0.999634981,-0.488603234,-0.872506082,0.06651926,-0.997785151,0.39256525,0.919724166,-0.034462061,0.99940598,-0.799999714,-0.600000381,-0.316227764,-0.948683321
-0.615643859,0.788024485,-0.502135754,0.86478883,0.569209933,0.822192192,0.901001573,0.433815777,-0.252011508,0.967724264,-0.120331623,0.992733777,-0.196116135,0.980580688,0,1,0.052558824,0.998617828,0.153706864,0.988116503,0.284088492,0.958798051,0.316227764,0.948683321,0.252869397,0.967500448,0,1,-0.546267986,-0.837610483,0.148340642,-0.988936305,0.481918603,0.876215994,0,1,-0.941741526,-0.336337477,-0.470588863,-0.882352591
-0.666015923,0.745937526,-0.44721359,0.89442718,0.581238151,0.813733518,0.937748671,0.347314537,-0.244936198,0.969539225,-0.110431813,0.993883729,-0.182089478,0.98328197,0,1,0.041630462,0.99913305,0.20486331,0.978790581,0.296398968,0.955064237,0.316228002,0.948683202,0.283346057,0.959017754,-0.051214673,0.998687685,-0.571064353,-0.820905268,-0.058721632,-0.998274386,0.499722421,0.866185606,0,1,-0.961523771,-0.274721831,-0.59136337,-0.806405187
-0.666015923,0.745937526,-0.47709161,0.878853559,0.634739578,0.772726119,0.894426823,0.447214335,-0.256434768,0.966561556,-0.145494089,0.98935914,-0.037011817,0.999314845,0,1,0.010308681,0.999946892,0.212429881,0.977176309,0.358978897,0.933345675,0.328520447,0.94449687,0.245041743,0.969512522,0.029398903,0.999567747,-0.61964488,-0.784882307,0,-1,0.44721368,0.894427121,0.039968219,0.99920094,-0.877895832,-0.478851706,-0.581238806,-0.813733041
-0.615644097,0.788024366,-0.477091998,0.878853381,0.694135427,0.71984446,0.854198396,0.519947231,-0.238052011,0.971252382,-0.141421363,0.989949465,0,1,-0.039968494,0.99920094,0.020197935,0.999795973,0.232573286,0.972578883,0.354654402,0.934997439,0.393919051,0.919145167,0.257022679,0.966405392,0.028559843,0.999592066,-0.606043041,-0.795431852,-0.052558519,-0.998617828,0.460005015,0.887916327,0,1,-0.894427478,-0.447213024,-0.529999137,-0.847998202
-0.652939558,0.757410049,-0.417500138,0.908676863,0.660627842,0.750713587,0.872505784,0.488603801,-0.247185662,0.968968153,-0.087893911,0.99612987,-0.068802178,0.997630298,0.038433179,0.9992612,0.031234691,0.999512076,0.257662565,0.966234982,0.336336523,0.941741884,0.351123601,0.936329126,0.267643809,0.963517904,0.027017189,0.999634981,-0.588171899,-0.808735907,-0.047565151,-0.998868167,0.468889296,0.883256912,0.076696247,0.997054517,-0.880470812,-0.474100351,-0.759256184,-0.650791883
-0.637568235,0.770393908,-0.4174999,0.908676982,0.678280473,0.734803081,0.915315032,0.402738631,-0.233373076,0.972387254,0,1,-0.039967917,0.99920094,0.083045937,0.996545732,0.030597901,0.999531746,0.304040164,0.95265919,0.338719815,0.940887272,0.398725688,0.91707027,0.264910221,0.964273095,0.085401133,0.996346653,-0.629198134,-0.777244925,-0.110431813,-0.993883729,0.481097788,0.876666963,0.114623971,0.993408978,-0.894426823,-0.447214335,-0.678280175,-0.734803379
-0.517802298,0.855500281,-0.424434304,0.905458748,0.662574172,0.748996317,0.928476691,0.371390671,-0.185407788,0.982661664,0,1,0.079745226,0.996815264,0.135113209,0.990830183,0.039185554,0.999231935,0.400818706,0.916157365,0.384615391,0.923076928,0.429933906,0.902860343,0.288292229,0.957542479,0.164398983,0.986393929,-0.571064472,-0.820905209,-0.062378287,-0.998052597,0.517599106,0.855623245,0.068802088,0.997630358,-0.910366476,-0.413802952,-0.422885925,-0.906182945
-0.544191182,0.838961244,-0.34174329,0.939793348,0.692532182,0.721386969,0.948683143,0.316228271,-0.142753601,0.989758253,0,1,0.119145058,0.992876887,0.15799053,0.987440646,0.100498736,0.994937181,0.391555101,0.920154631,0.431455284,0.902134299,0.519947171,0.854198396,0.332259506,0.943188012,0.200943887,0.979602754,-0.640184104,-0.768221557,-0.371390611,-0.928476751,0.547249377,0.836969614,0.188847631,0.982006431,-0.941742003,-0.336336106,-0.640184999,-0.768220782
-0.543251336,0.839570105,-0.301131159,0.953582704,0.721387386,0.692531765,0.928476572,0.371390909,-0.130938396,0.991390526,0.025632726,0.9996714,0.196115926,0.980580747,0.203954443,0.978980362,0.089637637,0.995974422,0.439210087,0.898384392,0.474099934,0.880471051,0.447213292,0.894427359,0.328932047,0.94435358,0.22485964,0.974391162,-0.611447752,-0.7912848,-0.332820028,-0.942990363,0.53479749,0.84498024,0.224859431,0.974391222,-0.957825899,-0.287349135,-0.752576888,-0.658504367
-0.554700315,0.832050204,-0.29408592,0.955779016,0.748996973,0.662573397,0.872506022,0.488603383,-0.142753586,0.989758253,0.102028809,0.994781435,0.114624217,0.993408918,0.279999882,0.960000038,0.082195222,0.996616244,0.432120204,0.90181601,0.529999018,0.847998261,0.492057413,0.870562732,0.341743082,0.939793408,0.219512358,0.97560972,-0.633237779,-0.773957312,-0.298275381,-0.954479873,0.5623101,0.82692641,0.196115956,0.980580688,-0.87789607,-0.478851169,-0.73480314,-0.678280473
-0.525492787,0.85079807,-0.308504641,0.951222837,0.721387386,0.692531765,0.930751622,0.365652025,-0.141421288,0.989949524,0.152057186,0.98837167,0.196116209,0.980580688,0.203954384,0.978980422,0.092386745,0.995723188,0.463254154,0.886225462,0.50980252,0.860291421,0.58123821,0.813733459,0.341743082,0.939793408,0.278058052,0.960564256,-0.670913756,-0.741535366,-0.132163763,-0.991227925,0.569779634,0.82179749,0.265928835,0.963992655,-0.89442718,-0.44721359,-0.759256661,-0.650791287
-0.478852451,0.877895415,-0.353891641,0.935286462,0.757410049,0.652939558,0.936329067,0.35112378,-0.078191228,0.996938407,0.05546996,0.998460352,0.20260562,0.979260445,0.304775804,0.952424109,0.155962616,0.987762988,0.454470366,0.890761852,0.546267569,0.837610722,0.619644582,0.784882486,0.373340517,0.92769438,0.343581557,0.939122856,-0.686623871,-0.727012873,-0.263117462,-0.96476382,0.596323967,0.802743852,0.344254762,0.938876271,-0.970142663,-0.242534906,-0.682317495,-0.731055975
-0.487821311,0.872943521,-0.362446368,0.932004631,0.815506995,0.578747213,0.907959104,0.41905877,-0.103219233,0.994658649,0.200944185,0.979602695,0.269629896,0.962964058,0.328520477,0.94449687,0.124034785,0.992277861,0.511805058,0.859101593,0.529999077,0.847998202,0.619644403,0.784882665,0.363542527,0.931577623,0.343581498,0.939122856,-0.685364723,-0.728199959,-0.351123184,-0.936329246,0.598192632,0.801352322,0.336336404,0.941741884,-0.98837173,-0.152057022,-0.514496088,-0.857492745
-0.554700136,0.832050323,-0.282166421,0.959365487,0.747409463,0.664363682,0.872506022,0.488603354,-0.097571403,0.995228529,0.127164274,0.991881669,0.242535621,0.970142484,0.316228002,0.948683202,0.136993974,0.990571856,0.496138811,0.868243217,0.563336849,0.826227307,0.606043458,0.795431554,0.387038797,0.92206341,0.323144019,0.9463498,-0.70710665,-0.707106948,-0.083045743,-0.996545732,0.614743292,0.788727283,0.325990677,0.945372999,-0.988372087,-0.152054742,-0.680451035,-0.73279357
-0.456804842,0.889566958,-0.30782032,0.951444507,0.747409344,0.664363861,0.930751204,0.365653038,-0.064679161,0.997906089,0.148340434,0.988936365,0.224859402,0.974391222,0.328520715,0.944496751,0.184288532,0.982872188,0.440157235,0.897920728,0.611447453,0.791285038,0.56333673,0.826227427,0.412167907,0.911107898,0.316227704,0.948683321,-0.707106352,-0.707107186,-0.341742724,-0.939793527,0.617821574,0.786318302,0.270745486,0.962650955,-0.964763641,-0.263118118,-0.77611357,-0.630593181
-0.740987062,0.671519339,-0.693108797,0.720833004,0.424433947,0.905458868,0.578017235,0.816024542,-0.454470307,0.890761912,-0.514495909,0.857492805,-0.447213322,0.894427359,-0.351123512,0.936329126,-0.235870034,0.971784592,-0.042514544,0.999095857,-0.202606067,0.979260325,0,1,-0.029399035,0.999567747,-0.184288636,0.982872188,-0.429933637,-0.902860463,0.094809562,-0.995495439,0.213696897,0.976900041,-0.284088343,0.95879811,-0.707107067,-0.707106531,-0.447213978,-0.894427001
-0.776114285,0.630592287,-0.731893778,0.681418777,0.447214037,0.894426942,0.575493038,0.817806661,-0.483318418,0.875444651,-0.490261286,0.871575534,-0.447213888,0.894427061,-0.41665411,0.909065068,-0.262324601,0.964979708,-0.066519067,0.997785151,-0.209528595,0.977802515,-0.03996807,0.99920094,-0.058153793,0.998307645,-0.213696837,0.976900041,-0.37863341,-0.925546706,0.052558832,-0.998617828,0.182452261,0.983214736,-0.294086248,0.955778897,-0.672673702,-0.739939213,-0.44721359,-0.89442718
-0.79709208,0.603857815,-0.743294299,0.668964565,0.483077258,0.875577748,0.459423065,0.888217568,-0.499980122,0.866036892,-0.548656404,0.836047947,-0.416654378,0.909065008,-0.519946873,0.854198575,-0.285656631,0.958332002,-0.164399177,0.986393869,-0.152056694,0.988371789,-0.157990798,0.987440586,-0.086216263,0.996276438,-0.263117492,0.96476382,-0.341742873,-0.939793468,0.104684837,-0.994505465,0.149805382,0.988715529,-0.336336911,0.941741705,-0.617822468,-0.786317647,-0.362445742,-0.932004869
-0.79709214,0.603857696,-0.731055677,0.682317853,0.411586642,0.911370635,0.493012398,0.870022297,-0.491488993,0.870883763,-0.583635926,0.812015474,-0.413802773,0.910366535,-0.546267986,0.837610483,-0.27589649,0.961187363,-0.192011222,0.981392741,-0.23464103,0.972082078,-0.079744913,0.996815324,-0.104191765,0.994557202,-0.19086957,0.981615424,-0.316227764,-0.948683321,0.047564927,-0.998868167,0.153498858,0.988148808,-0.354653865,0.934997678,-0.591363847,-0.806404829,-0.303203434,-0.952925861
-0.764291227,0.644871235,-0.770394385,0.637567639,0.37139079,0.928476632,0.470588356,0.882352889,-0.492346823,0.870399117,-0.648466706,0.761243045,-0.398725867,0.91707015,-0.546267748,0.837610602,-0.2806952,0.959796965,-0.200396419,0.97971487,-0.242535621,0.970142484,-0.079745583,0.996815264,-0.107221492,0.994235158,-0.178885147,0.98386997,-0.388056755,-0.921635449,0.0499379,-0.998752296,0.149805307,0.988715529,-0.447213858,0.894427061,-0.569210589,-0.822191775,-0.371390373,-0.92847681
-0.783111155,0.621881783,-0.755688667,0.654931009,0.409055918,0.912509322,0.505719602,0.862697899,-0.505495846,0.86282903,-0.595846832,0.803098083,-0.536875427,0.843661547,-0.413803071,0.910366416,-0.299826622,0.953993678,-0.18807207,0.982155204,-0.250962198,0.967996895,-0.252422512,0.967617095,-0.105182461,0.994452953,-0.324324667,0.945945799,-0.316227555,-0.948683381,0.30113101,-0.953582764,0.126428336,0.991975725,-0.447213858,0.894427061,-0.569210768,-0.822191656,-0.330350518,-0.943858325
-0.812015235,0.583636284,-0.718602479,0.6954211,0.496138811,0.868243217,0.542127132,0.840296447,-0.474099755,0.88047111,-0.474099666,0.88047117,-0.371390671,0.928476691,-0.461353421,0.887216449,-0.230025366,0.973184645,-0.110431649,0.993883729,-0.190021992,0.981779814,-0.037011184,0.999314845,-0.028026393,0.999607205,-0.127164215,0.991881669,-0.406138718,-0.913811445,-0.152056605,-0.988371789,0.210837811,0.977521062,-0.274721026,0.96152395,-0.624695241,-0.780868649,-0.393918872,-0.919145226
-0.794357836,0.607450068,-0.707107067,0.707106531,0.472221792,0.88147974,0.624695122,0.780868769,-0.482861072,0.875696957,-0.39114055,0.920330942,-0.338719368,0.940887451,-0.433815688,0.901001632,-0.230025426,0.973184645,-0.071247078,0.997458696,-0.159232989,0.98724103,0,1,-0.02829062,0.999599755,-0.14834021,0.988936365,-0.29408595,-0.955778956,-0.110432141,-0.993883669,0.212831214,0.977088988,-0.306009531,0.952028453,-0.490260601,-0.871575892,-0.355995715,-0.934487581
-0.800000072,0.599999905,-0.731893778,0.681418717,0.547249675,0.836969376,0.59522742,0.803557336,-0.460815191,0.887496114,-0.399585724,0.916695833,-0.419057816,0.907959521,-0.371391177,0.928476512,-0.223553032,0.974691749,-0.059892308,0.998204827,-0.062378477,0.998052537,-0.03569128,0.999362886,-0.019413691,0.99981153,-0.127164423,0.991881669,0,-1,-0.291161656,-0.956673861,0.232989952,0.972479165,-0.224859297,0.974391222,-0.682318211,-0.731055319,-0.410364896,-0.911921382
-0.836461127,0.548026204,-0.721988559,0.691904962,0.529998839,0.847998381,0.578017652,0.816024303,-0.428486764,0.903548062,-0.447213233,0.894427359,-0.402738899,0.915314913,-0.384615332,0.923076928,-0.199960038,0.979804039,-0.018864321,0.99982208,-0.037011866,0.999314845,0,1,0.010637756,0.999943435,-0.085401155,0.996346653,-0.338719398,-0.940887451,-0.229039744,-0.973417044,0.286337405,0.95812887,-0.263117552,0.964763761,-0.678280234,-0.734803319,-0.388057411,-0.921635211
-0.796691179,0.604386568,-0.747409463,0.664363682,0.524097085,0.851658523,0.581238151,0.813733518,-0.410016686,0.912078023,-0.388056874,0.921635449,-0.447214156,0.894426942,-0.338719517,0.940887392,-0.197845176,0.980233252,0.018178497,0.999834776,-0.064381763,0.997925341,0.037011769,0.999314845,0.039185464,0.999231935,-0.074789673,0.997199357,-0.325079978,-0.945686519,-0.478852928,-0.877895117,0.307002693,0.951708674,-0.216930225,0.97618711,-0.661621094,-0.749838352,-0.44721359,-0.89442718
-0.824728489,0.56552887,-0.790723801,0.61217308,0.524097145,0.851658523,0.631673157,0.775234818,-0.47312662,0.880994439,-0.375192404,0.926946938,-0.327110678,0.944986045,-0.461352885,0.887216747,-0.257110715,0.966381967,0.016946886,0.999856412,-0.066519007,0.997785151,0.037011277,0.999314845,-0.057596512,0.998339951,-0.05121474,0.998687685,-0.34425512,-0.938876152,-0.282165349,-0.959365785,0.213696897,0.976900041,-0.269629627,0.962964118,-0.635706842,-0.771930575,-0.465746254,-0.884918332
-0.838961363,0.544190943,-0.731894016,0.681418478,0.485643148,0.874157131,0.64594233,0.76338619,-0.456473768,0.889736891,-0.401989669,0.915644228,-0.365652651,0.930751383,-0.347314537,0.937748671,-0.256119609,0.966645122,0.034462027,0.99940598,-0.031234527,0.999512076,-0.034462027,0.99940598,-0.035691638,0.999362826,-0.076696455,0.997054517,-0.341742873,-0.939793468,-0.422884643,-0.906183541,0.205070749,0.978747129,-0.28000012,0.959999979,-0.613940775,-0.789352059,-0.429932982,-0.90286082
-0.85260123,0.522562087,-0.793606341,0.608431518,0.48564294,0.87415725,0.660627902,0.750713527,-0.464328259,0.885663152,-0.383014649,0.923742294,-0.338719696,0.940887332,-0.402738601,0.915315032,-0.212831259,0.977088988,-0.033314843,0.999444902,-0.073871687,0.997267783,0,1,0.010203551,0.999947965,-0.127164319,0.991881669,-0.360994101,-0.932568073,0,-1,0.26764378,0.963517964,-0.259973466,0.965615749,-0.635706961,-0.771930456,-0.44721359,-0.89442718
-0.832050145,0.554700434,-0.752577186,0.658504069,0.419057548,0.9079597,0.624695361,0.78086859,-0.44721359,0.89442718,-0.408365905,0.912818313,-0.416655153,0.909064591,-0.338719338,0.940887451,-0.214861751,0.976644456,0,1,-0.033314977,0.999444902,0,1,0.010752111,0.999942183,-0.130454674,0.991454303,-0.354654789,-0.93499732,-0.124033861,-0.99227798,0.282166392,0.959365487,-0.233372927,0.972387314,-0.683940351,-0.729537904,-0.467887819,-0.88378787
-0.812015235,0.583636224,-0.721387148,0.692532063,0.474099994,0.880470991,0.620702863,0.784045875,-0.440015197,0.897990346,-0.437465668,0.899235129,-0.358978897,0.933345675,-0.327110827,0.944985986,-0.219967201,0.975507259,0,1,-0.031234922,0.999512076,0,1,0,1,-0.102028981,0.994781435,-0.393918991,-0.919145167,-0.055470377,-0.998460352,0.263117403,0.96476382,-0.250962198,0.967996895,-0.650791347,-0.759256661,-0.465747237,-0.884917796
-0.751165092,0.660114348,-0.667544484,0.744569898,0.496138483,0.868243396,0.643192351,0.765704632,-0.423348844,0.905966759,-0.371390671,0.928476691,-0.304775953,0.952424049,-0.304775715,0.952424169,-0.201159403,0.979558527,0.018864566,0.999822021,0.03569153,0.999362826,0.038433123,0.9992612,0.02829057,0.999599755,-0.155962572,0.987762988,-0.44721359,-0.89442718,-0.124034733,-0.992277861,0.237868637,0.971297324,-0.152057409,0.98837167,-0.78631866,-0.617821157,-0.48564294,-0.87415725
-0.752576709,0.658504546,-0.682318091,0.731055379,0.493012339,0.870022297,0.654930532,0.755689085,-0.393919259,0.919145048,-0.328520685,0.944496751,-0.250962198,0.967996895,-0.287347496,0.957826376,-0.135490969,0.990778565,0.033878691,0.999425948,0.096324109,0.995350003,0.114623949,0.993408978,0.098616041,0.995125532,-0.099503823,0.995037198,-0.539053082,-0.842271805,-0.104685485,-0.994505405,0.296690762,0.954973578,-0.0370115,0.999314845,-0.816968262,-0.576682627,-0.514494658,-0.857493579
-0.766191244,0.642612636,-0.624695122,0.780868769,0.548025966,0.836461306,0.682318032,0.731055498,-0.36862579,0.929577887,-0.252421677,0.967617333,-0.220261231,0.975440919,-0.259973258,0.965615809,-0.091284029,0.995824873,0.053495087,0.998568118,0.178885207,0.98386997,0.110431463,0.993883729,0.13158904,0.991304338,-0.144799367,0.989461064,-0.402738333,-0.915315151,-0.400818825,-0.916157305,0.343192965,0.939264894,-0.037011631,0.999314845,-0.832050622,-0.554699719,-0.514496088,-0.857492745
-0.695795476,0.718239963,-0.627752304,0.778413177,0.540757537,0.841178536,0.796691179,0.604386568,-0.338427186,0.940992594,-0.257662863,0.966234863,-0.157990411,0.987440646,-0.216929927,0.97618717,-0.133917883,0.990992427,0.143939778,0.989586473,0.213696897,0.976900041,0.284088612,0.958798051,0.11950773,0.992833257,-0.027016988,0.999634981,-0.533992827,-0.845489025,-0.425797135,-0.904818654,0.330783814,0.943706572,-0.035691682,0.999362826,-0.755688846,-0.65493083,-0.507020235,-0.861934125
-0.718988299,0.695022166,-0.612173259,0.790723622,0.6643641,0.747409105,0.735930979,0.677056611,-0.341743052,0.939793408,-0.147311553,0.989090145,-0.20260556,0.979260445,-0.073871203,0.997267783,-0.128554001,0.991702497,0.254493296,0.967074513,0.242535621,0.970142484,0.327110499,0.944986105,0.116841249,0.993150592,0.15205726,0.98837167,-0.507020116,-0.861934245,-0.425797582,-0.904818475,0.398726195,0.917070031,0.076696411,0.997054517,-0.800000072,-0.599999905,-0.707107008,-0.707106531
-0.707106769,0.707106769,-0.588171959,0.808735907,0.707106531,0.707107067,0.793606102,0.608431876,-0.296399206,0.955064118,-0.058722023,0.998274386,-0.136637405,0.99062115,-0.066519007,0.997785151,-0.053494722,0.998568118,0.28056699,0.959834456,0.316227764,0.948683321,0.389640003,0.920967281,0.208880588,0.977941155,0.20486325,0.978790581,-0.53905338,-0.842271626,-0.554700732,-0.832049966,0.481548905,0.876419246,0.066519104,0.997785151,-0.729537666,-0.683940649,-0.661621153,-0.749838233
-0.778412938,0.627752542,-0.621882498,0.783110559,0.666015446,0.745937943,0.762509346,0.646977186,-0.318557829,0.947903454,-0.135979816,0.990711629,-0.087893888,0.99612987,-0.42288509,0.906183302,-0.09204457,0.995754898,0.251882255,0.967757881,0.270745367,0.962651014,-0.287347913,-0.957826257,0.189181596,0.981942117,0.144306973,0.989532948,-0.424434036,-0.905458868,-0.490260899,-0.871575713,0.45089069,0.892579198,0.190021947,0.981779814,-0.832050562,-0.554699779,-0.52635479,-0.850265026
-0.754082024,0.656780303,-0.663035095,0.748588324,0.566528916,0.824041843,0.760833383,0.648947239,-0.308002591,0.951385498,-0.121540874,0.992586434,-0.196116522,0.980580628,-0.496138781,0.868243217,-0.076696627,0.997054458,0.201274529,0.979534864,0.216930389,0.97618705,-0.189765483,-0.981829464,0.234640554,0.972082198,-0.058722075,0.998274386,-0.466758579,-0.884384751,-0.274722189,-0.961523652,0.44029364,0.897853851,0.0587219,0.998274386,-0.770961761,-0.636881471,-0.624695003,-0.780868828
-0.832050443,0.554699957,-0.670286357,0.742102563,0.573462069,0.819232106,0.768221438,0.640184224,-0.364399344,0.931242764,-0.103606239,0.994618416,-0.259973615,0.965615749,-0.196115628,0.980580747,-0.064088196,0.997944236,0.114005975,0.993480086,0.178885594,0.98386991,0.250962317,0.967996836,0.159545988,0.987190485,-0.097099729,0.995274663,-0.502135634,-0.86478889,-0.29408595,-0.955778956,0.404163957,0.914686561,-0.136637449,0.99062115,-0.784883142,-0.619643807,-0.661621332,-0.749838114
-0.851658463,0.524097204,-0.717900395,0.696145833,0.595846772,0.803098142,0.75925684,0.650791109,-0.357511848,0.933908582,-0.184288368,0.982872188,-0.196116135,0.980580688,-0.185892016,0.982570171,-0.11684116,0.993150592,0.137152925,0.990549862,0.160070971,0.987105489,0.330351025,0.943858147,0.140113592,0.990135431,-0.086629532,0.996240616,-0.536875367,-0.843661547,-0.664363861,-0.747409344,0.378245294,0.925705433,-0.145493805,0.98935914,-0.727012694,-0.68662405,-0.588172197,-0.808735728
-0.859535992,0.511075258,-0.696145654,0.717900574,0.583636105,0.812015355,0.721387625,0.692531526,-0.359963328,0.932966471,-0.223375991,0.974732339,-0.190022185,0.981779814,-0.107482113,0.994207025,-0.107703038,0.994183123,0.152057111,0.98837173,0.137568638,0.990492225,0.330350369,0.943858385,0.122871451,0.992422581,-0.021271711,0.999773741,-0.532171488,-0.846636593,-0.316227078,-0.94868356,0.359630376,0.933094859,-0.033314731,0.999444902,-0.773957491,-0.6332376,-0.647648573,-0.761939168
-0.921249509,0.388972163,-0.68719995,0.726468325,0.571792662,0.820398152,0.734803319,0.678280234,-0.395623922,0.918412626,-0.298274994,0.954479992,-0.207504287,0.978234112,-0.351123303,0.936329246,-0.17606765,0.98437804,0.085401103,0.996346653,0.190869868,0.981615365,-0.180327863,-0.983606577,0.072535828,0.997365832,-0.153707102,0.988116443,-0.44721359,-0.89442718,0,-1,0.316227704,0.948683321,-0.066518754,0.997785151,-0.754605174,-0.65617913,-0.624695837,-0.780868173
-0.762509108,0.646977484,-0.656781137,0.754081249,0.575493813,0.817806125,0.724138081,0.689655066,-0.371390671,0.928476691,-0.25912869,0.965842783,-0.114624135,0.993408918,-0.182089165,0.98328203,-0.136329919,0.990663469,0.138648033,0.990341723,0.159232408,0.987241149,0.141420975,0.989949524,0.078960612,0.99687773,-0.052559201,0.998617828,-0.53687501,-0.843661785,-0.355996102,-0.934487462,0.303635776,0.952788174,-0.152056858,0.98837173,-0.780869782,-0.624693811,-0.576683342,-0.816967785
-0.785491645,0.618872225,-0.644871116,0.764291346,0.561501443,0.827475786,0.768221021,0.6401847,-0.364080042,0.931367636,-0.280898869,0.95973736,-0.119145311,0.992876828,-0.216930464,0.97618705,-0.135113254,0.990830183,0.138647899,0.990341723,0.190022022,0.981779814,0.110431604,0.993883729,0.079745062,0.996815264,-0.053975258,0.998542249,-0.53687495,-0.843661845,-0.362446249,-0.93200469,0.300105214,0.953906119,-0.102899149,0.994691789,-0.755689085,-0.654930532,-0.54325062,-0.839570582
-0.274721056,0.96152395,-0.596702993,0.802462161,0.665614545,0.746295691,0.788024127,0.615644336,-0.181848004,0.983326674,-0.073871844,0.997267723,-0.093340486,0.995634258,-0.119145043,0.992876887,0,1,0.339644521,0.940553904,0.324324518,0.945945859,0.672673106,0.739939809,0.285333633,0.958428264,0.177153021,0.984183311,-0.447213322,-0.894427299,-0.529999137,-0.847998142,0.493012667,0.870022118,0.298274755,0.954480052,-0.832050145,-0.554700434,-0.619643927,-0.784883022
-0.478851885,0.877895713,-0.517802298,0.855500281,0.719401717,0.694594204,0.718988121,0.695022345,-0.212115005,0.977244735,-0.093922593,0.995579481,-0.034462303,0.99940598,-0.132163718,0.991227925,0,1,0.30782029,0.951444507,0.282166481,0.959365427,0.43381533,0.901001811,0.265156478,0.964205384,0.214407399,0.976744294,-0.562310338,-0.826926291,-0.470587701,-0.882353246,0.508453012,0.861089766,0.190021783,0.981779873,-0.784882307,-0.619644821,-0.585490227,-0.810679436
-0.536876023,0.843661129,-0.517802358,0.855500281,0.668964624,0.743294239,0.766191423,0.642612457,-0.251218587,0.967930377,-0.019603992,0.999807835,-0.132163867,0.991227865,-0.096324414,0.995350003,-0.072975606,0.997333705,0.398725957,0.917070091,0.296399295,0.955064118,0.476283014,0.879292011,0.186333716,0.982486486,0.353400618,0.935472071,-0.5273633,-0.849639893,-0.57346189,-0.819232225,0.457348049,0.88928777,0.365652651,0.930751383,-0.794358671,-0.607449055,-0.685363889,-0.728200793
-0.583635569,0.812015712,-0.518301666,0.855197847,0.694594681,0.7194013,0.796691597,0.604386032,-0.246534064,0.969134152,-0.093922623,0.995579481,-0.033314455,0.999444902,-0.035691809,0.999362826,-0.026776062,0.999641478,0.284598202,0.958646894,0.382351786,0.924016833,0.377296865,0.926092386,0.229551077,0.973296642,0.28089875,0.95973742,-0.547249138,-0.836969733,-0.514495611,-0.857492983,0.490261167,0.871575594,0.152057067,0.98837173,-0.759257078,-0.65079087,-0.682317793,-0.731055677
-0.56652832,0.824042261,-0.525493324,0.850797713,0.670286119,0.742102742,0.803098023,0.595846951,-0.240647599,0.970612586,-0.075258039,0.997164071,-0.03446193,0.99940604,0,1,-0.034462262,0.99940598,0.346374065,0.938096464,0.336336166,0.941742003,0.411586612,0.911370635,0.223553091,0.974691749,0.322673917,0.946510196,-0.547249079,-0.836969793,-0.447214663,-0.894426644,0.497111976,0.867686391,0.242535621,0.970142484,-0.729538143,-0.683940113,-0.630591631,-0.776114821
-0.654930353,0.755689263,-0.5214504,0.853281558,0.71860218,0.695421338,0.799999893,0.600000143,-0.27786532,0.960620046,-0.053494625,0.998568118,-0.033315022,0.999444902,-0.029399222,0.999567747,-0.076696478,0.997054458,0.361774683,0.93226558,0.376376897,0.926466644,0.462566108,0.886584818,0.213167176,0.977015734,0.316227615,0.948683321,-0.527362764,-0.849640191,-0.447214365,-0.894426823,0.503871143,0.86377883,0.242535308,0.970142603,-0.728199899,-0.685364842,-0.661621869,-0.749837637
-0.863779068,0.503870785,-0.549616277,0.835417271,0.695421517,0.718602061,0.80565089,0.592390656,-0.370032847,0.929018676,-0.018178895,0.999834776,-0.093340471,0.995634258,-0.039968252,0.99920094,-0.185891718,0.982570231,0.328520596,0.94449681,0.435560882,0.900159299,0.619644523,0.784882545,0.092198253,0.995740652,0.401990056,0.91564405,-0.522562206,-0.852601171,-0.287347108,-0.957826495,0.443354338,0.89634645,0.316227436,0.948683381,-0.747409523,-0.664363623,-0.644135237,-0.764911652
-0.668964803,0.74329412,-0.554699957,0.832050443,0.718602121,0.695421457,0.788024604,0.61564374,-0.281754047,0.959486663,-0.076696403,0.997054517,-0.033314783,0.999444902,-0.030289087,0.999541163,-0.090535775,0.99589318,0.363850504,0.931457341,0.400818914,0.916157305,0.478852063,0.877895594,0.179638043,0.98373276,0.336336523,0.941741884,-0.458643168,-0.888620555,-0.62469393,-0.780869722,0.474614203,0.880193949,0.234640718,0.972082138,-0.707107008,-0.707106531,-0.644135833,-0.764911115
-0.77841264,0.62775296,-0.507984817,0.861366034,0.730271578,0.683156967,0.755688846,0.65493083,-0.327633888,0.944804788,-0.038433332,0.999261141,-0.031234266,0.999512076,-0.033315022,0.999444902,-0.135491043,0.990778565,0.373776197,0.927518904,0.351123363,0.936329186,0.419058323,0.907959342,0.154100358,0.988055229,0.360399127,0.932798207,-0.578747153,-0.815507054,-0.371389449,-0.928477168,0.458404511,0.888743639,0.249878228,0.968277276,-0.749838352,-0.661621094,-0.619644284,-0.784882784
-0.635707319,0.771930158,-0.564683855,0.82530731,0.671519578,0.740986764,0.816967666,0.576683521,-0.293104857,0.956080317,-0.019604126,0.999807835,-0.099503942,0.995037138,-0.083045714,0.996545732,-0.11550086,0.993307352,0.364399493,0.931242704,0.36099419,0.932568073,0.73279357,0.680451035,0.145960882,0.989290357,0.378632694,0.925547004,-0.573462486,-0.819231808,-0.341743678,-0.939793229,0.4405514,0.89772737,0.296399176,0.955064178,-0.768220961,-0.64018476,-0.686623454,-0.72701323
-0.637567818,0.770394206,-0.496138781,0.868243217,0.682317913,0.731055558,0.8030985,0.595846236,-0.265156537,0.964205384,-0.018864412,0.99982208,-0.146549046,0.989203393,-0.064382426,0.997925282,-0.069397502,0.997589111,0.366524428,0.930408418,0.377296835,0.926092386,0.334410191,0.942427635,0.194416374,0.980919123,0.379556298,0.925168633,-0.546267569,-0.837610722,-0.44721359,-0.89442718,0.48564291,0.87415731,0.2509619,0.967996955,-0.707106054,-0.707107544,-0.685365319,-0.728199422
-0.554699779,0.832050562,-0.507984996,0.861365914,0.684675694,0.728847861,0.768221259,0.640184462,-0.227454334,0.973788738,-0.072535418,0.997365832,-0.064382352,0.997925282,-0.148340225,0.988936365,-0.038730584,0.999249697,0.328520507,0.94449681,0.316228032,0.948683202,0.799999833,0.600000262,0.235151306,0.971958756,0.27753967,0.960714161,-0.529998839,-0.847998381,-0.536875248,-0.843661606,0.49613896,0.868243158,0.234640434,0.972082257,-0.761939406,-0.647648335,-0.686623514,-0.727013171
-0.654930651,0.755688965,-0.596702814,0.80246228,0.682318032,0.731055439,0.717900217,0.696146011,-0.288008362,0.957627892,-0.0725355,0.997365832,-0.136637792,0.99062109,-0.093340799,0.995634198,-0.108726464,0.994071722,0.357137352,0.934051871,0.299826652,0.953993678,0.52999872,0.84799844,0.176067784,0.98437804,0.226513252,0.974008083,-0.502135456,-0.864788949,-0.624695241,-0.780868649,0.431173086,0.902269244,0.182089001,0.98328203,-0.745240748,-0.666795492,-0.624695241,-0.780868649
-0.679408014,0.733760715,-0.570396125,0.821369767,0.640184522,0.7682212,0.742102325,0.670286655,-0.266431093,0.963853955,-0.133412316,0.991060615,-0.096323885,0.995350063,-0.15437676,0.988012075,-0.025202012,0.999682367,0.245938152,0.969285548,0.257662505,0.966234982,0.307002783,0.951708615,0.217853099,0.975981593,0.150441974,0.988618851,-0.502135456,-0.864789009,-0.624695837,-0.780868173,0.457543105,0.889187455,0.1146238,0.993408978,-0.794357717,-0.607450247,-0.644135296,-0.764911592
-0.733760297,0.679408431,-0.565528452,0.824728787,0.63756758,0.770394385,0.718988359,0.695022106,-0.289560765,0.957159638,-0.138647914,0.990341723,-0.190022051,0.981779814,-0.060494866,0.998168528,-0.088150993,0.996107101,0.287348032,0.957826257,0.278810084,0.960346282,0.307002604,0.951708674,0.190869704,0.981615365,0.1788854,0.98386991,-0.547249079,-0.836969793,-0.470588177,-0.882352948,0.450816393,0.892616689,0.141421512,0.989949465,-0.747409225,-0.664363921,-0.661621749,-0.749837756
-0.788024068,0.615644395,-0.683157504,0.730271101,0.642612517,0.766191304,0.742102504,0.670286417,-0.346061707,0.938211739,-0.09757147,0.995228529,-0.136636809,0.990621209,-0.196116805,0.980580568,-0.108597554,0.994085789,0.256722569,0.966485143,0.249878302,0.968277276,0.307002723,0.951708615,0.150067046,0.988675833,0.152056873,0.98837173,-0.522562265,-0.852601111,-0.7071051,-0.707108438,0.395027876,0.918669105,0.224859565,0.974391162,-0.780869126,-0.624694645,-0.661621809,-0.749837697
-0.694594324,0.719401658,-0.592390478,0.805651009,0.678280473,0.73480314,0.720833004,0.693108737,-0.283017516,0.95911473,-0.171341226,0.98521173,-0.164398551,0.986393988,-0.14142175,0.989949465,-0.033594556,0.999435544,0.196116328,0.980580628,0.196115628,0.980580747,0.316228151,0.948683143,0.183733761,0.982976019,0.069598563,0.997575104,-0.5240978,-0.851658106,-0.569211125,-0.822191417,0.412357271,0.911022246,0.066518925,0.997785151,-0.752577543,-0.658503652,-0.607449353,-0.794358432
-0.766191542,0.642612219,-0.607449889,0.794358015,0.634739697,0.772726059,0.755688965,0.654930651,-0.334409833,0.942427754,-0.081361808,0.996684611,-0.209529549,0.977802336,-0.062377792,0.998052597,-0.058722075,0.998274386,0.20843403,0.978036404,0.229039297,0.973417163,0.336336672,0.941741824,0.190869629,0.981615424,0.044400748,0.999013782,-0.524097323,-0.851658344,-0.591364086,-0.80640465,0.413095355,0.910687804,0.132163838,0.991227865,-0.799999714,-0.600000381,-0.607450366,-0.794357657
-0.812015355,0.583636045,-0.615643859,0.788024485,0.645942569,0.763386011,0.707106769,0.707106769,-0.348394841,0.937347889,-0.141421244,0.989949524,-0.169906914,0.985460103,-0.102899082,0.994691789,-0.072535671,0.997365832,0.1366373,0.99062115,0.242536053,0.970142365,0.298274994,0.954479992,0.164399117,0.986393929,0,1,-0.496138871,-0.868243158,-0.503871024,-0.863778889,0.401358753,0.915920913,0.066519007,0.997785151,-0.749838054,-0.661621392,-0.576683223,-0.816967845
-0.820397913,0.57179302,-0.603857696,0.79709214,0.662574351,0.748996139,0.733760655,0.679408014,-0.342382222,0.939560771,-0.204863414,0.978790581,-0.068802066,0.997630358,-0.209528938,0.977802455,-0.097744048,0.995211601,0.215177655,0.976574898,0.220260501,0.975441098,0.257662475,0.966234982,0.154967681,0.987919569,0.023802551,0.999716699,-0.514495373,-0.857493162,-0.514496446,-0.857492507,0.380232662,0.924890876,0.099503785,0.995037198,-0.768221498,-0.640184164,-0.576682985,-0.816968024
-0.788024426,0.615644038,-0.600000024,0.800000012,0.662574053,0.748996377,0.707106769,0.707106769,-0.325990707,0.945372999,-0.188072339,0.982155204,-0.196116135,0.980580688,-0.073871903,0.997267723,-0.070003331,0.997546732,0.153337404,0.988173902,0.220260814,0.975441039,0.278809875,0.960346341,0.16896376,0.985622287,0,1,-0.476283252,-0.879291892,-0.44721359,-0.89442718,0.410781264,0.911733925,-0.033314921,0.999444902,-0.729537249,-0.683941066,-0.576682806,-0.816968143
-0.718240142,0.695795298,-0.600000024,0.800000012,0.590016246,0.807391405,0.783497572,0.621394873,-0.31855762,0.947903514,-0.171341136,0.98521179,-0.196116388,0.980580628,-0.071246691,0.997458696,-0.06764131,0.997709692,0.145961121,0.989290297,0.220260993,0.975440979,0.287347645,0.957826376,0.161488637,0.98687458,-0.024382848,0.999702692,-0.509802043,-0.860291719,-0.524098158,-0.851657867,0.366524547,0.930408359,0.071246997,0.997458696,-0.749837637,-0.661621869,-0.60744977,-0.794358075
-0.707106471,0.707107067,-0.603442609,0.797406435,0.650791824,0.759256184,0.695421278,0.7186023,-0.30653134,0.951860547,-0.114623934,0.993408978,-0.175790533,0.984427571,-0.196116403,0.980580628,-0.060235273,0.998184204,0.269104511,0.963110983,0.141421571,0.989949465,0.259973496,0.965615749,0.194416463,0.980919063,0.045407705,0.998968542,-0.514495373,-0.857493162,-0.613940477,-0.789352298,0.414481759,0.910057604,0.033314854,0.999444902,-0.749836981,-0.661622584,-0.635707855,-0.771929741
